id,photo,cats_id
1,"{""small"":""https://dl5zpyw5k3jeb.cloudfront.net/photos/pets/68837370/1/?bust=1694498704&width=100"",""medium"":""https://dl5zpyw5k3jeb.cloudfront.net/photos/pets/68837370/1/?bust=1694498704&width=300"",""large"":""https://dl5zpyw5k3jeb.cloudfront.net/photos/pets/68837370/1/?bust=1694498704&width=600"",""full"":""https://dl5zpyw5k3jeb.cloudfront.net/photos/pets/68837370/1/?bust=1694498704""}",68837370
2,"{""small"":""https://dl5zpyw5k3jeb.cloudfront.net/photos/pets/68837370/2/?bust=1694498701&width=100"",""medium"":""https://dl5zpyw5k3jeb.cloudfront.net/photos/pets/68837370/2/?bust=1694498701&width=300"",""large"":""https://dl5zpyw5k3jeb.cloudfront.net/photos/pets/68837370/2/?bust=1694498701&width=600"",""full"":""https://dl5zpyw5k3jeb.cloudfront.net/photos/pets/68837370/2/?bust=1694498701""}",68837370
3,"{""small"":""https://dl5zpyw5k3jeb.cloudfront.net/photos/pets/68837370/3/?bust=1694498701&width=100"",""medium"":""https://dl5zpyw5k3jeb.cloudfront.net/photos/pets/68837370/3/?bust=1694498701&width=300"",""large"":""https://dl5zpyw5k3jeb.cloudfront.net/photos/pets/68837370/3/?bust=1694498701&width=600"",""full"":""https://dl5zpyw5k3jeb.cloudfront.net/photos/pets/68837370/3/?bust=1694498701""}",68837370
4,"{""small"":""https://dl5zpyw5k3jeb.cloudfront.net/photos/pets/68837262/1/?bust=1694495231&width=100"",""medium"":""https://dl5zpyw5k3jeb.cloudfront.net/photos/pets/68837262/1/?bust=1694495231&width=300"",""large"":""https://dl5zpyw5k3jeb.cloudfront.net/photos/pets/68837262/1/?bust=1694495231&width=600"",""full"":""https://dl5zpyw5k3jeb.cloudfront.net/photos/pets/68837262/1/?bust=1694495231""}",68837262
5,"{""small"":""https://dl5zpyw5k3jeb.cloudfront.net/photos/pets/68837261/1/?bust=1694495231&width=100"",""medium"":""https://dl5zpyw5k3jeb.cloudfront.net/photos/pets/68837261/1/?bust=1694495231&width=300"",""large"":""https://dl5zpyw5k3jeb.cloudfront.net/photos/pets/68837261/1/?bust=1694495231&width=600"",""full"":""https://dl5zpyw5k3jeb.cloudfront.net/photos/pets/68837261/1/?bust=1694495231""}",68837261
6,"{""small"":""https://dl5zpyw5k3jeb.cloudfront.net/photos/pets/68837229/4/?bust=1694493890&width=100"",""medium"":""https://dl5zpyw5k3jeb.cloudfront.net/photos/pets/68837229/4/?bust=1694493890&width=300"",""large"":""https://dl5zpyw5k3jeb.cloudfront.net/photos/pets/68837229/4/?bust=1694493890&width=600"",""full"":""https://dl5zpyw5k3jeb.cloudfront.net/photos/pets/68837229/4/?bust=1694493890""}",68837229
7,"{""small"":""https://dl5zpyw5k3jeb.cloudfront.net/photos/pets/68837229/1/?bust=1694493888&width=100"",""medium"":""https://dl5zpyw5k3jeb.cloudfront.net/photos/pets/68837229/1/?bust=1694493888&width=300"",""large"":""https://dl5zpyw5k3jeb.cloudfront.net/photos/pets/68837229/1/?bust=1694493888&width=600"",""full"":""https://dl5zpyw5k3jeb.cloudfront.net/photos/pets/68837229/1/?bust=1694493888""}",68837229
8,"{""small"":""https://dl5zpyw5k3jeb.cloudfront.net/photos/pets/68837229/2/?bust=1694493888&width=100"",""medium"":""https://dl5zpyw5k3jeb.cloudfront.net/photos/pets/68837229/2/?bust=1694493888&width=300"",""large"":""https://dl5zpyw5k3jeb.cloudfront.net/photos/pets/68837229/2/?bust=1694493888&width=600"",""full"":""https://dl5zpyw5k3jeb.cloudfront.net/photos/pets/68837229/2/?bust=1694493888""}",68837229
9,"{""small"":""https://dl5zpyw5k3jeb.cloudfront.net/photos/pets/68837229/3/?bust=1694493889&width=100"",""medium"":""https://dl5zpyw5k3jeb.cloudfront.net/photos/pets/68837229/3/?bust=1694493889&width=300"",""large"":""https://dl5zpyw5k3jeb.cloudfront.net/photos/pets/68837229/3/?bust=1694493889&width=600"",""full"":""https://dl5zpyw5k3jeb.cloudfront.net/photos/pets/68837229/3/?bust=1694493889""}",68837229
10,"{""small"":""https://dl5zpyw5k3jeb.cloudfront.net/photos/pets/68837229/5/?bust=1694493891&width=100"",""medium"":""https://dl5zpyw5k3jeb.cloudfront.net/photos/pets/68837229/5/?bust=1694493891&width=300"",""large"":""https://dl5zpyw5k3jeb.cloudfront.net/photos/pets/68837229/5/?bust=1694493891&width=600"",""full"":""https://dl5zpyw5k3jeb.cloudfront.net/photos/pets/68837229/5/?bust=1694493891""}",68837229
11,"{""small"":""https://dl5zpyw5k3jeb.cloudfront.net/photos/pets/68837229/6/?bust=1694493891&width=100"",""medium"":""https://dl5zpyw5k3jeb.cloudfront.net/photos/pets/68837229/6/?bust=1694493891&width=300"",""large"":""https://dl5zpyw5k3jeb.cloudfront.net/photos/pets/68837229/6/?bust=1694493891&width=600"",""full"":""https://dl5zpyw5k3jeb.cloudfront.net/photos/pets/68837229/6/?bust=1694493891""}",68837229
12,"{""small"":""https://dl5zpyw5k3jeb.cloudfront.net/photos/pets/68837217/1/?bust=1694493882&width=100"",""medium"":""https://dl5zpyw5k3jeb.cloudfront.net/photos/pets/68837217/1/?bust=1694493882&width=300"",""large"":""https://dl5zpyw5k3jeb.cloudfront.net/photos/pets/68837217/1/?bust=1694493882&width=600"",""full"":""https://dl5zpyw5k3jeb.cloudfront.net/photos/pets/68837217/1/?bust=1694493882""}",68837217
13,"{""small"":""https://dl5zpyw5k3jeb.cloudfront.net/photos/pets/68837217/2/?bust=1694493882&width=100"",""medium"":""https://dl5zpyw5k3jeb.cloudfront.net/photos/pets/68837217/2/?bust=1694493882&width=300"",""large"":""https://dl5zpyw5k3jeb.cloudfront.net/photos/pets/68837217/2/?bust=1694493882&width=600"",""full"":""https://dl5zpyw5k3jeb.cloudfront.net/photos/pets/68837217/2/?bust=1694493882""}",68837217
14,"{""small"":""https://dl5zpyw5k3jeb.cloudfront.net/photos/pets/68837217/3/?bust=1694493882&width=100"",""medium"":""https://dl5zpyw5k3jeb.cloudfront.net/photos/pets/68837217/3/?bust=1694493882&width=300"",""large"":""https://dl5zpyw5k3jeb.cloudfront.net/photos/pets/68837217/3/?bust=1694493882&width=600"",""full"":""https://dl5zpyw5k3jeb.cloudfront.net/photos/pets/68837217/3/?bust=1694493882""}",68837217
15,"{""small"":""https://dl5zpyw5k3jeb.cloudfront.net/photos/pets/68836698/1/?bust=1694491632&width=100"",""medium"":""https://dl5zpyw5k3jeb.cloudfront.net/photos/pets/68836698/1/?bust=1694491632&width=300"",""large"":""https://dl5zpyw5k3jeb.cloudfront.net/photos/pets/68836698/1/?bust=1694491632&width=600"",""full"":""https://dl5zpyw5k3jeb.cloudfront.net/photos/pets/68836698/1/?bust=1694491632""}",68836698
16,"{""small"":""https://dl5zpyw5k3jeb.cloudfront.net/photos/pets/68836478/1/?bust=1694488166&width=100"",""medium"":""https://dl5zpyw5k3jeb.cloudfront.net/photos/pets/68836478/1/?bust=1694488166&width=300"",""large"":""https://dl5zpyw5k3jeb.cloudfront.net/photos/pets/68836478/1/?bust=1694488166&width=600"",""full"":""https://dl5zpyw5k3jeb.cloudfront.net/photos/pets/68836478/1/?bust=1694488166""}",68836478
17,"{""small"":""https://dl5zpyw5k3jeb.cloudfront.net/photos/pets/68836478/2/?bust=1694488167&width=100"",""medium"":""https://dl5zpyw5k3jeb.cloudfront.net/photos/pets/68836478/2/?bust=1694488167&width=300"",""large"":""https://dl5zpyw5k3jeb.cloudfront.net/photos/pets/68836478/2/?bust=1694488167&width=600"",""full"":""https://dl5zpyw5k3jeb.cloudfront.net/photos/pets/68836478/2/?bust=1694488167""}",68836478
18,"{""small"":""https://dl5zpyw5k3jeb.cloudfront.net/photos/pets/68836478/3/?bust=1694488167&width=100"",""medium"":""https://dl5zpyw5k3jeb.cloudfront.net/photos/pets/68836478/3/?bust=1694488167&width=300"",""large"":""https://dl5zpyw5k3jeb.cloudfront.net/photos/pets/68836478/3/?bust=1694488167&width=600"",""full"":""https://dl5zpyw5k3jeb.cloudfront.net/photos/pets/68836478/3/?bust=1694488167""}",68836478
19,"{""small"":""https://dl5zpyw5k3jeb.cloudfront.net/photos/pets/68836351/1/?bust=1694487314&width=100"",""medium"":""https://dl5zpyw5k3jeb.cloudfront.net/photos/pets/68836351/1/?bust=1694487314&width=300"",""large"":""https://dl5zpyw5k3jeb.cloudfront.net/photos/pets/68836351/1/?bust=1694487314&width=600"",""full"":""https://dl5zpyw5k3jeb.cloudfront.net/photos/pets/68836351/1/?bust=1694487314""}",68836351
20,"{""small"":""https://dl5zpyw5k3jeb.cloudfront.net/photos/pets/68836328/1/?bust=1694486866&width=100"",""medium"":""https://dl5zpyw5k3jeb.cloudfront.net/photos/pets/68836328/1/?bust=1694486866&width=300"",""large"":""https://dl5zpyw5k3jeb.cloudfront.net/photos/pets/68836328/1/?bust=1694486866&width=600"",""full"":""https://dl5zpyw5k3jeb.cloudfront.net/photos/pets/68836328/1/?bust=1694486866""}",68836328
21,"{""small"":""https://dl5zpyw5k3jeb.cloudfront.net/photos/pets/68836268/1/?bust=1694486583&width=100"",""medium"":""https://dl5zpyw5k3jeb.cloudfront.net/photos/pets/68836268/1/?bust=1694486583&width=300"",""large"":""https://dl5zpyw5k3jeb.cloudfront.net/photos/pets/68836268/1/?bust=1694486583&width=600"",""full"":""https://dl5zpyw5k3jeb.cloudfront.net/photos/pets/68836268/1/?bust=1694486583""}",68836268
22,"{""small"":""https://dl5zpyw5k3jeb.cloudfront.net/photos/pets/68835995/1/?bust=1694484052&width=100"",""medium"":""https://dl5zpyw5k3jeb.cloudfront.net/photos/pets/68835995/1/?bust=1694484052&width=300"",""large"":""https://dl5zpyw5k3jeb.cloudfront.net/photos/pets/68835995/1/?bust=1694484052&width=600"",""full"":""https://dl5zpyw5k3jeb.cloudfront.net/photos/pets/68835995/1/?bust=1694484052""}",68835995
23,"{""small"":""https://dl5zpyw5k3jeb.cloudfront.net/photos/pets/68835995/2/?bust=1694484053&width=100"",""medium"":""https://dl5zpyw5k3jeb.cloudfront.net/photos/pets/68835995/2/?bust=1694484053&width=300"",""large"":""https://dl5zpyw5k3jeb.cloudfront.net/photos/pets/68835995/2/?bust=1694484053&width=600"",""full"":""https://dl5zpyw5k3jeb.cloudfront.net/photos/pets/68835995/2/?bust=1694484053""}",68835995
24,"{""small"":""https://dl5zpyw5k3jeb.cloudfront.net/photos/pets/68835995/3/?bust=1694484054&width=100"",""medium"":""https://dl5zpyw5k3jeb.cloudfront.net/photos/pets/68835995/3/?bust=1694484054&width=300"",""large"":""https://dl5zpyw5k3jeb.cloudfront.net/photos/pets/68835995/3/?bust=1694484054&width=600"",""full"":""https://dl5zpyw5k3jeb.cloudfront.net/photos/pets/68835995/3/?bust=1694484054""}",68835995
25,"{""small"":""https://dl5zpyw5k3jeb.cloudfront.net/photos/pets/68835995/4/?bust=1694484055&width=100"",""medium"":""https://dl5zpyw5k3jeb.cloudfront.net/photos/pets/68835995/4/?bust=1694484055&width=300"",""large"":""https://dl5zpyw5k3jeb.cloudfront.net/photos/pets/68835995/4/?bust=1694484055&width=600"",""full"":""https://dl5zpyw5k3jeb.cloudfront.net/photos/pets/68835995/4/?bust=1694484055""}",68835995
26,"{""small"":""https://dl5zpyw5k3jeb.cloudfront.net/photos/pets/68835848/1/?bust=1694484202&width=100"",""medium"":""https://dl5zpyw5k3jeb.cloudfront.net/photos/pets/68835848/1/?bust=1694484202&width=300"",""large"":""https://dl5zpyw5k3jeb.cloudfront.net/photos/pets/68835848/1/?bust=1694484202&width=600"",""full"":""https://dl5zpyw5k3jeb.cloudfront.net/photos/pets/68835848/1/?bust=1694484202""}",68835848
27,"{""small"":""https://dl5zpyw5k3jeb.cloudfront.net/photos/pets/68835848/2/?bust=1694484205&width=100"",""medium"":""https://dl5zpyw5k3jeb.cloudfront.net/photos/pets/68835848/2/?bust=1694484205&width=300"",""large"":""https://dl5zpyw5k3jeb.cloudfront.net/photos/pets/68835848/2/?bust=1694484205&width=600"",""full"":""https://dl5zpyw5k3jeb.cloudfront.net/photos/pets/68835848/2/?bust=1694484205""}",68835848
28,"{""small"":""https://dl5zpyw5k3jeb.cloudfront.net/photos/pets/68835848/3/?bust=1694484218&width=100"",""medium"":""https://dl5zpyw5k3jeb.cloudfront.net/photos/pets/68835848/3/?bust=1694484218&width=300"",""large"":""https://dl5zpyw5k3jeb.cloudfront.net/photos/pets/68835848/3/?bust=1694484218&width=600"",""full"":""https://dl5zpyw5k3jeb.cloudfront.net/photos/pets/68835848/3/?bust=1694484218""}",68835848
29,"{""small"":""https://dl5zpyw5k3jeb.cloudfront.net/photos/pets/68835257/1/?bust=1694481461&width=100"",""medium"":""https://dl5zpyw5k3jeb.cloudfront.net/photos/pets/68835257/1/?bust=1694481461&width=300"",""large"":""https://dl5zpyw5k3jeb.cloudfront.net/photos/pets/68835257/1/?bust=1694481461&width=600"",""full"":""https://dl5zpyw5k3jeb.cloudfront.net/photos/pets/68835257/1/?bust=1694481461""}",68835257
30,"{""small"":""https://dl5zpyw5k3jeb.cloudfront.net/photos/pets/68835255/1/?bust=1694481625&width=100"",""medium"":""https://dl5zpyw5k3jeb.cloudfront.net/photos/pets/68835255/1/?bust=1694481625&width=300"",""large"":""https://dl5zpyw5k3jeb.cloudfront.net/photos/pets/68835255/1/?bust=1694481625&width=600"",""full"":""https://dl5zpyw5k3jeb.cloudfront.net/photos/pets/68835255/1/?bust=1694481625""}",68835255
31,"{""small"":""https://dl5zpyw5k3jeb.cloudfront.net/photos/pets/68835254/1/?bust=1694481464&width=100"",""medium"":""https://dl5zpyw5k3jeb.cloudfront.net/photos/pets/68835254/1/?bust=1694481464&width=300"",""large"":""https://dl5zpyw5k3jeb.cloudfront.net/photos/pets/68835254/1/?bust=1694481464&width=600"",""full"":""https://dl5zpyw5k3jeb.cloudfront.net/photos/pets/68835254/1/?bust=1694481464""}",68835254
32,"{""small"":""https://dl5zpyw5k3jeb.cloudfront.net/photos/pets/68835252/1/?bust=1694481540&width=100"",""medium"":""https://dl5zpyw5k3jeb.cloudfront.net/photos/pets/68835252/1/?bust=1694481540&width=300"",""large"":""https://dl5zpyw5k3jeb.cloudfront.net/photos/pets/68835252/1/?bust=1694481540&width=600"",""full"":""https://dl5zpyw5k3jeb.cloudfront.net/photos/pets/68835252/1/?bust=1694481540""}",68835252
33,"{""small"":""https://dl5zpyw5k3jeb.cloudfront.net/photos/pets/68835249/1/?bust=1694481513&width=100"",""medium"":""https://dl5zpyw5k3jeb.cloudfront.net/photos/pets/68835249/1/?bust=1694481513&width=300"",""large"":""https://dl5zpyw5k3jeb.cloudfront.net/photos/pets/68835249/1/?bust=1694481513&width=600"",""full"":""https://dl5zpyw5k3jeb.cloudfront.net/photos/pets/68835249/1/?bust=1694481513""}",68835249
34,"{""small"":""https://dl5zpyw5k3jeb.cloudfront.net/photos/pets/68835237/1/?bust=1694481724&width=100"",""medium"":""https://dl5zpyw5k3jeb.cloudfront.net/photos/pets/68835237/1/?bust=1694481724&width=300"",""large"":""https://dl5zpyw5k3jeb.cloudfront.net/photos/pets/68835237/1/?bust=1694481724&width=600"",""full"":""https://dl5zpyw5k3jeb.cloudfront.net/photos/pets/68835237/1/?bust=1694481724""}",68835237
35,"{""small"":""https://dl5zpyw5k3jeb.cloudfront.net/photos/pets/68835238/1/?bust=1694481543&width=100"",""medium"":""https://dl5zpyw5k3jeb.cloudfront.net/photos/pets/68835238/1/?bust=1694481543&width=300"",""large"":""https://dl5zpyw5k3jeb.cloudfront.net/photos/pets/68835238/1/?bust=1694481543&width=600"",""full"":""https://dl5zpyw5k3jeb.cloudfront.net/photos/pets/68835238/1/?bust=1694481543""}",68835238
36,"{""small"":""https://dl5zpyw5k3jeb.cloudfront.net/photos/pets/68835023/1/?bust=1694481052&width=100"",""medium"":""https://dl5zpyw5k3jeb.cloudfront.net/photos/pets/68835023/1/?bust=1694481052&width=300"",""large"":""https://dl5zpyw5k3jeb.cloudfront.net/photos/pets/68835023/1/?bust=1694481052&width=600"",""full"":""https://dl5zpyw5k3jeb.cloudfront.net/photos/pets/68835023/1/?bust=1694481052""}",68835023
37,"{""small"":""https://dl5zpyw5k3jeb.cloudfront.net/photos/pets/68835023/2/?bust=1694481052&width=100"",""medium"":""https://dl5zpyw5k3jeb.cloudfront.net/photos/pets/68835023/2/?bust=1694481052&width=300"",""large"":""https://dl5zpyw5k3jeb.cloudfront.net/photos/pets/68835023/2/?bust=1694481052&width=600"",""full"":""https://dl5zpyw5k3jeb.cloudfront.net/photos/pets/68835023/2/?bust=1694481052""}",68835023
38,"{""small"":""https://dl5zpyw5k3jeb.cloudfront.net/photos/pets/68835023/3/?bust=1694480994&width=100"",""medium"":""https://dl5zpyw5k3jeb.cloudfront.net/photos/pets/68835023/3/?bust=1694480994&width=300"",""large"":""https://dl5zpyw5k3jeb.cloudfront.net/photos/pets/68835023/3/?bust=1694480994&width=600"",""full"":""https://dl5zpyw5k3jeb.cloudfront.net/photos/pets/68835023/3/?bust=1694480994""}",68835023
39,"{""small"":""https://dl5zpyw5k3jeb.cloudfront.net/photos/pets/68835025/1/?bust=1694481096&width=100"",""medium"":""https://dl5zpyw5k3jeb.cloudfront.net/photos/pets/68835025/1/?bust=1694481096&width=300"",""large"":""https://dl5zpyw5k3jeb.cloudfront.net/photos/pets/68835025/1/?bust=1694481096&width=600"",""full"":""https://dl5zpyw5k3jeb.cloudfront.net/photos/pets/68835025/1/?bust=1694481096""}",68835025
40,"{""small"":""https://dl5zpyw5k3jeb.cloudfront.net/photos/pets/68835025/2/?bust=1694481122&width=100"",""medium"":""https://dl5zpyw5k3jeb.cloudfront.net/photos/pets/68835025/2/?bust=1694481122&width=300"",""large"":""https://dl5zpyw5k3jeb.cloudfront.net/photos/pets/68835025/2/?bust=1694481122&width=600"",""full"":""https://dl5zpyw5k3jeb.cloudfront.net/photos/pets/68835025/2/?bust=1694481122""}",68835025
41,"{""small"":""https://dl5zpyw5k3jeb.cloudfront.net/photos/pets/68835024/1/?bust=1694481053&width=100"",""medium"":""https://dl5zpyw5k3jeb.cloudfront.net/photos/pets/68835024/1/?bust=1694481053&width=300"",""large"":""https://dl5zpyw5k3jeb.cloudfront.net/photos/pets/68835024/1/?bust=1694481053&width=600"",""full"":""https://dl5zpyw5k3jeb.cloudfront.net/photos/pets/68835024/1/?bust=1694481053""}",68835024
42,"{""small"":""https://dl5zpyw5k3jeb.cloudfront.net/photos/pets/68835024/2/?bust=1694481004&width=100"",""medium"":""https://dl5zpyw5k3jeb.cloudfront.net/photos/pets/68835024/2/?bust=1694481004&width=300"",""large"":""https://dl5zpyw5k3jeb.cloudfront.net/photos/pets/68835024/2/?bust=1694481004&width=600"",""full"":""https://dl5zpyw5k3jeb.cloudfront.net/photos/pets/68835024/2/?bust=1694481004""}",68835024
43,"{""small"":""https://dl5zpyw5k3jeb.cloudfront.net/photos/pets/68835024/3/?bust=1694481313&width=100"",""medium"":""https://dl5zpyw5k3jeb.cloudfront.net/photos/pets/68835024/3/?bust=1694481313&width=300"",""large"":""https://dl5zpyw5k3jeb.cloudfront.net/photos/pets/68835024/3/?bust=1694481313&width=600"",""full"":""https://dl5zpyw5k3jeb.cloudfront.net/photos/pets/68835024/3/?bust=1694481313""}",68835024
44,"{""small"":""https://dl5zpyw5k3jeb.cloudfront.net/photos/pets/68834905/1/?bust=1694478785&width=100"",""medium"":""https://dl5zpyw5k3jeb.cloudfront.net/photos/pets/68834905/1/?bust=1694478785&width=300"",""large"":""https://dl5zpyw5k3jeb.cloudfront.net/photos/pets/68834905/1/?bust=1694478785&width=600"",""full"":""https://dl5zpyw5k3jeb.cloudfront.net/photos/pets/68834905/1/?bust=1694478785""}",68834905
45,"{""small"":""https://dl5zpyw5k3jeb.cloudfront.net/photos/pets/68834905/2/?bust=1694478786&width=100"",""medium"":""https://dl5zpyw5k3jeb.cloudfront.net/photos/pets/68834905/2/?bust=1694478786&width=300"",""large"":""https://dl5zpyw5k3jeb.cloudfront.net/photos/pets/68834905/2/?bust=1694478786&width=600"",""full"":""https://dl5zpyw5k3jeb.cloudfront.net/photos/pets/68834905/2/?bust=1694478786""}",68834905
46,"{""small"":""https://dl5zpyw5k3jeb.cloudfront.net/photos/pets/68834905/3/?bust=1694478787&width=100"",""medium"":""https://dl5zpyw5k3jeb.cloudfront.net/photos/pets/68834905/3/?bust=1694478787&width=300"",""large"":""https://dl5zpyw5k3jeb.cloudfront.net/photos/pets/68834905/3/?bust=1694478787&width=600"",""full"":""https://dl5zpyw5k3jeb.cloudfront.net/photos/pets/68834905/3/?bust=1694478787""}",68834905
47,"{""small"":""https://dl5zpyw5k3jeb.cloudfront.net/photos/pets/68834860/1/?bust=1694478638&width=100"",""medium"":""https://dl5zpyw5k3jeb.cloudfront.net/photos/pets/68834860/1/?bust=1694478638&width=300"",""large"":""https://dl5zpyw5k3jeb.cloudfront.net/photos/pets/68834860/1/?bust=1694478638&width=600"",""full"":""https://dl5zpyw5k3jeb.cloudfront.net/photos/pets/68834860/1/?bust=1694478638""}",68834860
48,"{""small"":""https://dl5zpyw5k3jeb.cloudfront.net/photos/pets/68834860/2/?bust=1694478639&width=100"",""medium"":""https://dl5zpyw5k3jeb.cloudfront.net/photos/pets/68834860/2/?bust=1694478639&width=300"",""large"":""https://dl5zpyw5k3jeb.cloudfront.net/photos/pets/68834860/2/?bust=1694478639&width=600"",""full"":""https://dl5zpyw5k3jeb.cloudfront.net/photos/pets/68834860/2/?bust=1694478639""}",68834860
49,"{""small"":""https://dl5zpyw5k3jeb.cloudfront.net/photos/pets/68834860/3/?bust=1694478640&width=100"",""medium"":""https://dl5zpyw5k3jeb.cloudfront.net/photos/pets/68834860/3/?bust=1694478640&width=300"",""large"":""https://dl5zpyw5k3jeb.cloudfront.net/photos/pets/68834860/3/?bust=1694478640&width=600"",""full"":""https://dl5zpyw5k3jeb.cloudfront.net/photos/pets/68834860/3/?bust=1694478640""}",68834860
50,"{""small"":""https://dl5zpyw5k3jeb.cloudfront.net/photos/pets/68834860/4/?bust=1694478641&width=100"",""medium"":""https://dl5zpyw5k3jeb.cloudfront.net/photos/pets/68834860/4/?bust=1694478641&width=300"",""large"":""https://dl5zpyw5k3jeb.cloudfront.net/photos/pets/68834860/4/?bust=1694478641&width=600"",""full"":""https://dl5zpyw5k3jeb.cloudfront.net/photos/pets/68834860/4/?bust=1694478641""}",68834860
51,"{""small"":""https://dl5zpyw5k3jeb.cloudfront.net/photos/pets/68834860/5/?bust=1694478641&width=100"",""medium"":""https://dl5zpyw5k3jeb.cloudfront.net/photos/pets/68834860/5/?bust=1694478641&width=300"",""large"":""https://dl5zpyw5k3jeb.cloudfront.net/photos/pets/68834860/5/?bust=1694478641&width=600"",""full"":""https://dl5zpyw5k3jeb.cloudfront.net/photos/pets/68834860/5/?bust=1694478641""}",68834860
52,"{""small"":""https://dl5zpyw5k3jeb.cloudfront.net/photos/pets/68834658/1/?bust=1694479571&width=100"",""medium"":""https://dl5zpyw5k3jeb.cloudfront.net/photos/pets/68834658/1/?bust=1694479571&width=300"",""large"":""https://dl5zpyw5k3jeb.cloudfront.net/photos/pets/68834658/1/?bust=1694479571&width=600"",""full"":""https://dl5zpyw5k3jeb.cloudfront.net/photos/pets/68834658/1/?bust=1694479571""}",68834658
53,"{""small"":""https://dl5zpyw5k3jeb.cloudfront.net/photos/pets/68834658/2/?bust=1694479739&width=100"",""medium"":""https://dl5zpyw5k3jeb.cloudfront.net/photos/pets/68834658/2/?bust=1694479739&width=300"",""large"":""https://dl5zpyw5k3jeb.cloudfront.net/photos/pets/68834658/2/?bust=1694479739&width=600"",""full"":""https://dl5zpyw5k3jeb.cloudfront.net/photos/pets/68834658/2/?bust=1694479739""}",68834658
54,"{""small"":""https://dl5zpyw5k3jeb.cloudfront.net/photos/pets/68834658/3/?bust=1694479729&width=100"",""medium"":""https://dl5zpyw5k3jeb.cloudfront.net/photos/pets/68834658/3/?bust=1694479729&width=300"",""large"":""https://dl5zpyw5k3jeb.cloudfront.net/photos/pets/68834658/3/?bust=1694479729&width=600"",""full"":""https://dl5zpyw5k3jeb.cloudfront.net/photos/pets/68834658/3/?bust=1694479729""}",68834658
55,"{""small"":""https://dl5zpyw5k3jeb.cloudfront.net/photos/pets/68834658/4/?bust=1694479535&width=100"",""medium"":""https://dl5zpyw5k3jeb.cloudfront.net/photos/pets/68834658/4/?bust=1694479535&width=300"",""large"":""https://dl5zpyw5k3jeb.cloudfront.net/photos/pets/68834658/4/?bust=1694479535&width=600"",""full"":""https://dl5zpyw5k3jeb.cloudfront.net/photos/pets/68834658/4/?bust=1694479535""}",68834658
56,"{""small"":""https://dl5zpyw5k3jeb.cloudfront.net/photos/pets/68834658/5/?bust=1694479430&width=100"",""medium"":""https://dl5zpyw5k3jeb.cloudfront.net/photos/pets/68834658/5/?bust=1694479430&width=300"",""large"":""https://dl5zpyw5k3jeb.cloudfront.net/photos/pets/68834658/5/?bust=1694479430&width=600"",""full"":""https://dl5zpyw5k3jeb.cloudfront.net/photos/pets/68834658/5/?bust=1694479430""}",68834658
57,"{""small"":""https://dl5zpyw5k3jeb.cloudfront.net/photos/pets/68834658/6/?bust=1694479741&width=100"",""medium"":""https://dl5zpyw5k3jeb.cloudfront.net/photos/pets/68834658/6/?bust=1694479741&width=300"",""large"":""https://dl5zpyw5k3jeb.cloudfront.net/photos/pets/68834658/6/?bust=1694479741&width=600"",""full"":""https://dl5zpyw5k3jeb.cloudfront.net/photos/pets/68834658/6/?bust=1694479741""}",68834658
58,"{""small"":""https://dl5zpyw5k3jeb.cloudfront.net/photos/pets/68834586/1/?bust=1694477772&width=100"",""medium"":""https://dl5zpyw5k3jeb.cloudfront.net/photos/pets/68834586/1/?bust=1694477772&width=300"",""large"":""https://dl5zpyw5k3jeb.cloudfront.net/photos/pets/68834586/1/?bust=1694477772&width=600"",""full"":""https://dl5zpyw5k3jeb.cloudfront.net/photos/pets/68834586/1/?bust=1694477772""}",68834586
59,"{""small"":""https://dl5zpyw5k3jeb.cloudfront.net/photos/pets/68834586/2/?bust=1694477772&width=100"",""medium"":""https://dl5zpyw5k3jeb.cloudfront.net/photos/pets/68834586/2/?bust=1694477772&width=300"",""large"":""https://dl5zpyw5k3jeb.cloudfront.net/photos/pets/68834586/2/?bust=1694477772&width=600"",""full"":""https://dl5zpyw5k3jeb.cloudfront.net/photos/pets/68834586/2/?bust=1694477772""}",68834586
60,"{""small"":""https://dl5zpyw5k3jeb.cloudfront.net/photos/pets/68834586/3/?bust=1694477773&width=100"",""medium"":""https://dl5zpyw5k3jeb.cloudfront.net/photos/pets/68834586/3/?bust=1694477773&width=300"",""large"":""https://dl5zpyw5k3jeb.cloudfront.net/photos/pets/68834586/3/?bust=1694477773&width=600"",""full"":""https://dl5zpyw5k3jeb.cloudfront.net/photos/pets/68834586/3/?bust=1694477773""}",68834586
61,"{""small"":""https://dl5zpyw5k3jeb.cloudfront.net/photos/pets/68834586/4/?bust=1694477881&width=100"",""medium"":""https://dl5zpyw5k3jeb.cloudfront.net/photos/pets/68834586/4/?bust=1694477881&width=300"",""large"":""https://dl5zpyw5k3jeb.cloudfront.net/photos/pets/68834586/4/?bust=1694477881&width=600"",""full"":""https://dl5zpyw5k3jeb.cloudfront.net/photos/pets/68834586/4/?bust=1694477881""}",68834586
62,"{""small"":""https://dl5zpyw5k3jeb.cloudfront.net/photos/pets/68834581/2/?bust=1694478995&width=100"",""medium"":""https://dl5zpyw5k3jeb.cloudfront.net/photos/pets/68834581/2/?bust=1694478995&width=300"",""large"":""https://dl5zpyw5k3jeb.cloudfront.net/photos/pets/68834581/2/?bust=1694478995&width=600"",""full"":""https://dl5zpyw5k3jeb.cloudfront.net/photos/pets/68834581/2/?bust=1694478995""}",68834581
63,"{""small"":""https://dl5zpyw5k3jeb.cloudfront.net/photos/pets/68834581/1/?bust=1694478941&width=100"",""medium"":""https://dl5zpyw5k3jeb.cloudfront.net/photos/pets/68834581/1/?bust=1694478941&width=300"",""large"":""https://dl5zpyw5k3jeb.cloudfront.net/photos/pets/68834581/1/?bust=1694478941&width=600"",""full"":""https://dl5zpyw5k3jeb.cloudfront.net/photos/pets/68834581/1/?bust=1694478941""}",68834581
64,"{""small"":""https://dl5zpyw5k3jeb.cloudfront.net/photos/pets/68834581/4/?bust=1694479034&width=100"",""medium"":""https://dl5zpyw5k3jeb.cloudfront.net/photos/pets/68834581/4/?bust=1694479034&width=300"",""large"":""https://dl5zpyw5k3jeb.cloudfront.net/photos/pets/68834581/4/?bust=1694479034&width=600"",""full"":""https://dl5zpyw5k3jeb.cloudfront.net/photos/pets/68834581/4/?bust=1694479034""}",68834581
65,"{""small"":""https://dl5zpyw5k3jeb.cloudfront.net/photos/pets/68834581/5/?bust=1694478910&width=100"",""medium"":""https://dl5zpyw5k3jeb.cloudfront.net/photos/pets/68834581/5/?bust=1694478910&width=300"",""large"":""https://dl5zpyw5k3jeb.cloudfront.net/photos/pets/68834581/5/?bust=1694478910&width=600"",""full"":""https://dl5zpyw5k3jeb.cloudfront.net/photos/pets/68834581/5/?bust=1694478910""}",68834581
66,"{""small"":""https://dl5zpyw5k3jeb.cloudfront.net/photos/pets/68834581/6/?bust=1694478996&width=100"",""medium"":""https://dl5zpyw5k3jeb.cloudfront.net/photos/pets/68834581/6/?bust=1694478996&width=300"",""large"":""https://dl5zpyw5k3jeb.cloudfront.net/photos/pets/68834581/6/?bust=1694478996&width=600"",""full"":""https://dl5zpyw5k3jeb.cloudfront.net/photos/pets/68834581/6/?bust=1694478996""}",68834581
67,"{""small"":""https://dl5zpyw5k3jeb.cloudfront.net/photos/pets/68834582/5/?bust=1694478960&width=100"",""medium"":""https://dl5zpyw5k3jeb.cloudfront.net/photos/pets/68834582/5/?bust=1694478960&width=300"",""large"":""https://dl5zpyw5k3jeb.cloudfront.net/photos/pets/68834582/5/?bust=1694478960&width=600"",""full"":""https://dl5zpyw5k3jeb.cloudfront.net/photos/pets/68834582/5/?bust=1694478960""}",68834582
68,"{""small"":""https://dl5zpyw5k3jeb.cloudfront.net/photos/pets/68834582/1/?bust=1694478955&width=100"",""medium"":""https://dl5zpyw5k3jeb.cloudfront.net/photos/pets/68834582/1/?bust=1694478955&width=300"",""large"":""https://dl5zpyw5k3jeb.cloudfront.net/photos/pets/68834582/1/?bust=1694478955&width=600"",""full"":""https://dl5zpyw5k3jeb.cloudfront.net/photos/pets/68834582/1/?bust=1694478955""}",68834582
69,"{""small"":""https://dl5zpyw5k3jeb.cloudfront.net/photos/pets/68834582/2/?bust=1694478877&width=100"",""medium"":""https://dl5zpyw5k3jeb.cloudfront.net/photos/pets/68834582/2/?bust=1694478877&width=300"",""large"":""https://dl5zpyw5k3jeb.cloudfront.net/photos/pets/68834582/2/?bust=1694478877&width=600"",""full"":""https://dl5zpyw5k3jeb.cloudfront.net/photos/pets/68834582/2/?bust=1694478877""}",68834582
70,"{""small"":""https://dl5zpyw5k3jeb.cloudfront.net/photos/pets/68834582/3/?bust=1694478840&width=100"",""medium"":""https://dl5zpyw5k3jeb.cloudfront.net/photos/pets/68834582/3/?bust=1694478840&width=300"",""large"":""https://dl5zpyw5k3jeb.cloudfront.net/photos/pets/68834582/3/?bust=1694478840&width=600"",""full"":""https://dl5zpyw5k3jeb.cloudfront.net/photos/pets/68834582/3/?bust=1694478840""}",68834582
71,"{""small"":""https://dl5zpyw5k3jeb.cloudfront.net/photos/pets/68834582/4/?bust=1694478875&width=100"",""medium"":""https://dl5zpyw5k3jeb.cloudfront.net/photos/pets/68834582/4/?bust=1694478875&width=300"",""large"":""https://dl5zpyw5k3jeb.cloudfront.net/photos/pets/68834582/4/?bust=1694478875&width=600"",""full"":""https://dl5zpyw5k3jeb.cloudfront.net/photos/pets/68834582/4/?bust=1694478875""}",68834582
72,"{""small"":""https://dl5zpyw5k3jeb.cloudfront.net/photos/pets/68834582/6/?bust=1694478997&width=100"",""medium"":""https://dl5zpyw5k3jeb.cloudfront.net/photos/pets/68834582/6/?bust=1694478997&width=300"",""large"":""https://dl5zpyw5k3jeb.cloudfront.net/photos/pets/68834582/6/?bust=1694478997&width=600"",""full"":""https://dl5zpyw5k3jeb.cloudfront.net/photos/pets/68834582/6/?bust=1694478997""}",68834582
73,"{""small"":""https://dl5zpyw5k3jeb.cloudfront.net/photos/pets/68834579/1/?bust=1694478986&width=100"",""medium"":""https://dl5zpyw5k3jeb.cloudfront.net/photos/pets/68834579/1/?bust=1694478986&width=300"",""large"":""https://dl5zpyw5k3jeb.cloudfront.net/photos/pets/68834579/1/?bust=1694478986&width=600"",""full"":""https://dl5zpyw5k3jeb.cloudfront.net/photos/pets/68834579/1/?bust=1694478986""}",68834579
74,"{""small"":""https://dl5zpyw5k3jeb.cloudfront.net/photos/pets/68834579/2/?bust=1694478984&width=100"",""medium"":""https://dl5zpyw5k3jeb.cloudfront.net/photos/pets/68834579/2/?bust=1694478984&width=300"",""large"":""https://dl5zpyw5k3jeb.cloudfront.net/photos/pets/68834579/2/?bust=1694478984&width=600"",""full"":""https://dl5zpyw5k3jeb.cloudfront.net/photos/pets/68834579/2/?bust=1694478984""}",68834579
75,"{""small"":""https://dl5zpyw5k3jeb.cloudfront.net/photos/pets/68834579/3/?bust=1694478961&width=100"",""medium"":""https://dl5zpyw5k3jeb.cloudfront.net/photos/pets/68834579/3/?bust=1694478961&width=300"",""large"":""https://dl5zpyw5k3jeb.cloudfront.net/photos/pets/68834579/3/?bust=1694478961&width=600"",""full"":""https://dl5zpyw5k3jeb.cloudfront.net/photos/pets/68834579/3/?bust=1694478961""}",68834579
76,"{""small"":""https://dl5zpyw5k3jeb.cloudfront.net/photos/pets/68834579/4/?bust=1694478852&width=100"",""medium"":""https://dl5zpyw5k3jeb.cloudfront.net/photos/pets/68834579/4/?bust=1694478852&width=300"",""large"":""https://dl5zpyw5k3jeb.cloudfront.net/photos/pets/68834579/4/?bust=1694478852&width=600"",""full"":""https://dl5zpyw5k3jeb.cloudfront.net/photos/pets/68834579/4/?bust=1694478852""}",68834579
77,"{""small"":""https://dl5zpyw5k3jeb.cloudfront.net/photos/pets/68834579/5/?bust=1694478958&width=100"",""medium"":""https://dl5zpyw5k3jeb.cloudfront.net/photos/pets/68834579/5/?bust=1694478958&width=300"",""large"":""https://dl5zpyw5k3jeb.cloudfront.net/photos/pets/68834579/5/?bust=1694478958&width=600"",""full"":""https://dl5zpyw5k3jeb.cloudfront.net/photos/pets/68834579/5/?bust=1694478958""}",68834579
78,"{""small"":""https://dl5zpyw5k3jeb.cloudfront.net/photos/pets/68834579/6/?bust=1694479033&width=100"",""medium"":""https://dl5zpyw5k3jeb.cloudfront.net/photos/pets/68834579/6/?bust=1694479033&width=300"",""large"":""https://dl5zpyw5k3jeb.cloudfront.net/photos/pets/68834579/6/?bust=1694479033&width=600"",""full"":""https://dl5zpyw5k3jeb.cloudfront.net/photos/pets/68834579/6/?bust=1694479033""}",68834579
79,"{""small"":""https://dl5zpyw5k3jeb.cloudfront.net/photos/pets/68834580/1/?bust=1694479002&width=100"",""medium"":""https://dl5zpyw5k3jeb.cloudfront.net/photos/pets/68834580/1/?bust=1694479002&width=300"",""large"":""https://dl5zpyw5k3jeb.cloudfront.net/photos/pets/68834580/1/?bust=1694479002&width=600"",""full"":""https://dl5zpyw5k3jeb.cloudfront.net/photos/pets/68834580/1/?bust=1694479002""}",68834580
80,"{""small"":""https://dl5zpyw5k3jeb.cloudfront.net/photos/pets/68834580/2/?bust=1694478957&width=100"",""medium"":""https://dl5zpyw5k3jeb.cloudfront.net/photos/pets/68834580/2/?bust=1694478957&width=300"",""large"":""https://dl5zpyw5k3jeb.cloudfront.net/photos/pets/68834580/2/?bust=1694478957&width=600"",""full"":""https://dl5zpyw5k3jeb.cloudfront.net/photos/pets/68834580/2/?bust=1694478957""}",68834580
81,"{""small"":""https://dl5zpyw5k3jeb.cloudfront.net/photos/pets/68834580/3/?bust=1694478868&width=100"",""medium"":""https://dl5zpyw5k3jeb.cloudfront.net/photos/pets/68834580/3/?bust=1694478868&width=300"",""large"":""https://dl5zpyw5k3jeb.cloudfront.net/photos/pets/68834580/3/?bust=1694478868&width=600"",""full"":""https://dl5zpyw5k3jeb.cloudfront.net/photos/pets/68834580/3/?bust=1694478868""}",68834580
82,"{""small"":""https://dl5zpyw5k3jeb.cloudfront.net/photos/pets/68834580/4/?bust=1694479030&width=100"",""medium"":""https://dl5zpyw5k3jeb.cloudfront.net/photos/pets/68834580/4/?bust=1694479030&width=300"",""large"":""https://dl5zpyw5k3jeb.cloudfront.net/photos/pets/68834580/4/?bust=1694479030&width=600"",""full"":""https://dl5zpyw5k3jeb.cloudfront.net/photos/pets/68834580/4/?bust=1694479030""}",68834580
83,"{""small"":""https://dl5zpyw5k3jeb.cloudfront.net/photos/pets/68834577/1/?bust=1694477732&width=100"",""medium"":""https://dl5zpyw5k3jeb.cloudfront.net/photos/pets/68834577/1/?bust=1694477732&width=300"",""large"":""https://dl5zpyw5k3jeb.cloudfront.net/photos/pets/68834577/1/?bust=1694477732&width=600"",""full"":""https://dl5zpyw5k3jeb.cloudfront.net/photos/pets/68834577/1/?bust=1694477732""}",68834577
84,"{""small"":""https://dl5zpyw5k3jeb.cloudfront.net/photos/pets/68834500/1/?bust=1694477323&width=100"",""medium"":""https://dl5zpyw5k3jeb.cloudfront.net/photos/pets/68834500/1/?bust=1694477323&width=300"",""large"":""https://dl5zpyw5k3jeb.cloudfront.net/photos/pets/68834500/1/?bust=1694477323&width=600"",""full"":""https://dl5zpyw5k3jeb.cloudfront.net/photos/pets/68834500/1/?bust=1694477323""}",68834500
85,"{""small"":""https://dl5zpyw5k3jeb.cloudfront.net/photos/pets/68834500/2/?bust=1694477324&width=100"",""medium"":""https://dl5zpyw5k3jeb.cloudfront.net/photos/pets/68834500/2/?bust=1694477324&width=300"",""large"":""https://dl5zpyw5k3jeb.cloudfront.net/photos/pets/68834500/2/?bust=1694477324&width=600"",""full"":""https://dl5zpyw5k3jeb.cloudfront.net/photos/pets/68834500/2/?bust=1694477324""}",68834500
86,"{""small"":""https://dl5zpyw5k3jeb.cloudfront.net/photos/pets/68834494/1/?bust=1694477275&width=100"",""medium"":""https://dl5zpyw5k3jeb.cloudfront.net/photos/pets/68834494/1/?bust=1694477275&width=300"",""large"":""https://dl5zpyw5k3jeb.cloudfront.net/photos/pets/68834494/1/?bust=1694477275&width=600"",""full"":""https://dl5zpyw5k3jeb.cloudfront.net/photos/pets/68834494/1/?bust=1694477275""}",68834494
87,"{""small"":""https://dl5zpyw5k3jeb.cloudfront.net/photos/pets/68834494/2/?bust=1694477275&width=100"",""medium"":""https://dl5zpyw5k3jeb.cloudfront.net/photos/pets/68834494/2/?bust=1694477275&width=300"",""large"":""https://dl5zpyw5k3jeb.cloudfront.net/photos/pets/68834494/2/?bust=1694477275&width=600"",""full"":""https://dl5zpyw5k3jeb.cloudfront.net/photos/pets/68834494/2/?bust=1694477275""}",68834494
88,"{""small"":""https://dl5zpyw5k3jeb.cloudfront.net/photos/pets/68834494/3/?bust=1694477276&width=100"",""medium"":""https://dl5zpyw5k3jeb.cloudfront.net/photos/pets/68834494/3/?bust=1694477276&width=300"",""large"":""https://dl5zpyw5k3jeb.cloudfront.net/photos/pets/68834494/3/?bust=1694477276&width=600"",""full"":""https://dl5zpyw5k3jeb.cloudfront.net/photos/pets/68834494/3/?bust=1694477276""}",68834494
89,"{""small"":""https://dl5zpyw5k3jeb.cloudfront.net/photos/pets/68834494/4/?bust=1694477277&width=100"",""medium"":""https://dl5zpyw5k3jeb.cloudfront.net/photos/pets/68834494/4/?bust=1694477277&width=300"",""large"":""https://dl5zpyw5k3jeb.cloudfront.net/photos/pets/68834494/4/?bust=1694477277&width=600"",""full"":""https://dl5zpyw5k3jeb.cloudfront.net/photos/pets/68834494/4/?bust=1694477277""}",68834494
90,"{""small"":""https://dl5zpyw5k3jeb.cloudfront.net/photos/pets/68834494/5/?bust=1694477278&width=100"",""medium"":""https://dl5zpyw5k3jeb.cloudfront.net/photos/pets/68834494/5/?bust=1694477278&width=300"",""large"":""https://dl5zpyw5k3jeb.cloudfront.net/photos/pets/68834494/5/?bust=1694477278&width=600"",""full"":""https://dl5zpyw5k3jeb.cloudfront.net/photos/pets/68834494/5/?bust=1694477278""}",68834494
91,"{""small"":""https://dl5zpyw5k3jeb.cloudfront.net/photos/pets/68834494/6/?bust=1694477278&width=100"",""medium"":""https://dl5zpyw5k3jeb.cloudfront.net/photos/pets/68834494/6/?bust=1694477278&width=300"",""large"":""https://dl5zpyw5k3jeb.cloudfront.net/photos/pets/68834494/6/?bust=1694477278&width=600"",""full"":""https://dl5zpyw5k3jeb.cloudfront.net/photos/pets/68834494/6/?bust=1694477278""}",68834494
92,"{""small"":""https://dl5zpyw5k3jeb.cloudfront.net/photos/pets/68834489/1/?bust=1694477852&width=100"",""medium"":""https://dl5zpyw5k3jeb.cloudfront.net/photos/pets/68834489/1/?bust=1694477852&width=300"",""large"":""https://dl5zpyw5k3jeb.cloudfront.net/photos/pets/68834489/1/?bust=1694477852&width=600"",""full"":""https://dl5zpyw5k3jeb.cloudfront.net/photos/pets/68834489/1/?bust=1694477852""}",68834489
93,"{""small"":""https://dl5zpyw5k3jeb.cloudfront.net/photos/pets/68834461/5/?bust=1694476930&width=100"",""medium"":""https://dl5zpyw5k3jeb.cloudfront.net/photos/pets/68834461/5/?bust=1694476930&width=300"",""large"":""https://dl5zpyw5k3jeb.cloudfront.net/photos/pets/68834461/5/?bust=1694476930&width=600"",""full"":""https://dl5zpyw5k3jeb.cloudfront.net/photos/pets/68834461/5/?bust=1694476930""}",68834461
94,"{""small"":""https://dl5zpyw5k3jeb.cloudfront.net/photos/pets/68834461/1/?bust=1694476927&width=100"",""medium"":""https://dl5zpyw5k3jeb.cloudfront.net/photos/pets/68834461/1/?bust=1694476927&width=300"",""large"":""https://dl5zpyw5k3jeb.cloudfront.net/photos/pets/68834461/1/?bust=1694476927&width=600"",""full"":""https://dl5zpyw5k3jeb.cloudfront.net/photos/pets/68834461/1/?bust=1694476927""}",68834461
95,"{""small"":""https://dl5zpyw5k3jeb.cloudfront.net/photos/pets/68834461/2/?bust=1694476928&width=100"",""medium"":""https://dl5zpyw5k3jeb.cloudfront.net/photos/pets/68834461/2/?bust=1694476928&width=300"",""large"":""https://dl5zpyw5k3jeb.cloudfront.net/photos/pets/68834461/2/?bust=1694476928&width=600"",""full"":""https://dl5zpyw5k3jeb.cloudfront.net/photos/pets/68834461/2/?bust=1694476928""}",68834461
96,"{""small"":""https://dl5zpyw5k3jeb.cloudfront.net/photos/pets/68834461/3/?bust=1694476928&width=100"",""medium"":""https://dl5zpyw5k3jeb.cloudfront.net/photos/pets/68834461/3/?bust=1694476928&width=300"",""large"":""https://dl5zpyw5k3jeb.cloudfront.net/photos/pets/68834461/3/?bust=1694476928&width=600"",""full"":""https://dl5zpyw5k3jeb.cloudfront.net/photos/pets/68834461/3/?bust=1694476928""}",68834461
97,"{""small"":""https://dl5zpyw5k3jeb.cloudfront.net/photos/pets/68834461/4/?bust=1694476929&width=100"",""medium"":""https://dl5zpyw5k3jeb.cloudfront.net/photos/pets/68834461/4/?bust=1694476929&width=300"",""large"":""https://dl5zpyw5k3jeb.cloudfront.net/photos/pets/68834461/4/?bust=1694476929&width=600"",""full"":""https://dl5zpyw5k3jeb.cloudfront.net/photos/pets/68834461/4/?bust=1694476929""}",68834461
98,"{""small"":""https://dl5zpyw5k3jeb.cloudfront.net/photos/pets/68834461/6/?bust=1694476930&width=100"",""medium"":""https://dl5zpyw5k3jeb.cloudfront.net/photos/pets/68834461/6/?bust=1694476930&width=300"",""large"":""https://dl5zpyw5k3jeb.cloudfront.net/photos/pets/68834461/6/?bust=1694476930&width=600"",""full"":""https://dl5zpyw5k3jeb.cloudfront.net/photos/pets/68834461/6/?bust=1694476930""}",68834461
99,"{""small"":""https://dl5zpyw5k3jeb.cloudfront.net/photos/pets/68834411/1/?bust=1694477213&width=100"",""medium"":""https://dl5zpyw5k3jeb.cloudfront.net/photos/pets/68834411/1/?bust=1694477213&width=300"",""large"":""https://dl5zpyw5k3jeb.cloudfront.net/photos/pets/68834411/1/?bust=1694477213&width=600"",""full"":""https://dl5zpyw5k3jeb.cloudfront.net/photos/pets/68834411/1/?bust=1694477213""}",68834411
100,"{""small"":""https://dl5zpyw5k3jeb.cloudfront.net/photos/pets/68834356/1/?bust=1694477192&width=100"",""medium"":""https://dl5zpyw5k3jeb.cloudfront.net/photos/pets/68834356/1/?bust=1694477192&width=300"",""large"":""https://dl5zpyw5k3jeb.cloudfront.net/photos/pets/68834356/1/?bust=1694477192&width=600"",""full"":""https://dl5zpyw5k3jeb.cloudfront.net/photos/pets/68834356/1/?bust=1694477192""}",68834356
101,"{""small"":""https://dl5zpyw5k3jeb.cloudfront.net/photos/pets/68834353/1/?bust=1694477192&width=100"",""medium"":""https://dl5zpyw5k3jeb.cloudfront.net/photos/pets/68834353/1/?bust=1694477192&width=300"",""large"":""https://dl5zpyw5k3jeb.cloudfront.net/photos/pets/68834353/1/?bust=1694477192&width=600"",""full"":""https://dl5zpyw5k3jeb.cloudfront.net/photos/pets/68834353/1/?bust=1694477192""}",68834353
102,"{""small"":""https://dl5zpyw5k3jeb.cloudfront.net/photos/pets/68834354/1/?bust=1694477192&width=100"",""medium"":""https://dl5zpyw5k3jeb.cloudfront.net/photos/pets/68834354/1/?bust=1694477192&width=300"",""large"":""https://dl5zpyw5k3jeb.cloudfront.net/photos/pets/68834354/1/?bust=1694477192&width=600"",""full"":""https://dl5zpyw5k3jeb.cloudfront.net/photos/pets/68834354/1/?bust=1694477192""}",68834354
103,"{""small"":""https://dl5zpyw5k3jeb.cloudfront.net/photos/pets/68834355/1/?bust=1694477186&width=100"",""medium"":""https://dl5zpyw5k3jeb.cloudfront.net/photos/pets/68834355/1/?bust=1694477186&width=300"",""large"":""https://dl5zpyw5k3jeb.cloudfront.net/photos/pets/68834355/1/?bust=1694477186&width=600"",""full"":""https://dl5zpyw5k3jeb.cloudfront.net/photos/pets/68834355/1/?bust=1694477186""}",68834355
104,"{""small"":""https://dl5zpyw5k3jeb.cloudfront.net/photos/pets/68834352/1/?bust=1694477187&width=100"",""medium"":""https://dl5zpyw5k3jeb.cloudfront.net/photos/pets/68834352/1/?bust=1694477187&width=300"",""large"":""https://dl5zpyw5k3jeb.cloudfront.net/photos/pets/68834352/1/?bust=1694477187&width=600"",""full"":""https://dl5zpyw5k3jeb.cloudfront.net/photos/pets/68834352/1/?bust=1694477187""}",68834352
105,"{""small"":""https://dl5zpyw5k3jeb.cloudfront.net/photos/pets/68834284/1/?bust=1694476602&width=100"",""medium"":""https://dl5zpyw5k3jeb.cloudfront.net/photos/pets/68834284/1/?bust=1694476602&width=300"",""large"":""https://dl5zpyw5k3jeb.cloudfront.net/photos/pets/68834284/1/?bust=1694476602&width=600"",""full"":""https://dl5zpyw5k3jeb.cloudfront.net/photos/pets/68834284/1/?bust=1694476602""}",68834284
106,"{""small"":""https://dl5zpyw5k3jeb.cloudfront.net/photos/pets/68834284/2/?bust=1694476602&width=100"",""medium"":""https://dl5zpyw5k3jeb.cloudfront.net/photos/pets/68834284/2/?bust=1694476602&width=300"",""large"":""https://dl5zpyw5k3jeb.cloudfront.net/photos/pets/68834284/2/?bust=1694476602&width=600"",""full"":""https://dl5zpyw5k3jeb.cloudfront.net/photos/pets/68834284/2/?bust=1694476602""}",68834284
107,"{""small"":""https://dl5zpyw5k3jeb.cloudfront.net/photos/pets/68834284/3/?bust=1694476603&width=100"",""medium"":""https://dl5zpyw5k3jeb.cloudfront.net/photos/pets/68834284/3/?bust=1694476603&width=300"",""large"":""https://dl5zpyw5k3jeb.cloudfront.net/photos/pets/68834284/3/?bust=1694476603&width=600"",""full"":""https://dl5zpyw5k3jeb.cloudfront.net/photos/pets/68834284/3/?bust=1694476603""}",68834284
108,"{""small"":""https://dl5zpyw5k3jeb.cloudfront.net/photos/pets/68834282/1/?bust=1694476577&width=100"",""medium"":""https://dl5zpyw5k3jeb.cloudfront.net/photos/pets/68834282/1/?bust=1694476577&width=300"",""large"":""https://dl5zpyw5k3jeb.cloudfront.net/photos/pets/68834282/1/?bust=1694476577&width=600"",""full"":""https://dl5zpyw5k3jeb.cloudfront.net/photos/pets/68834282/1/?bust=1694476577""}",68834282
109,"{""small"":""https://dl5zpyw5k3jeb.cloudfront.net/photos/pets/68834281/1/?bust=1694476577&width=100"",""medium"":""https://dl5zpyw5k3jeb.cloudfront.net/photos/pets/68834281/1/?bust=1694476577&width=300"",""large"":""https://dl5zpyw5k3jeb.cloudfront.net/photos/pets/68834281/1/?bust=1694476577&width=600"",""full"":""https://dl5zpyw5k3jeb.cloudfront.net/photos/pets/68834281/1/?bust=1694476577""}",68834281
110,"{""small"":""https://dl5zpyw5k3jeb.cloudfront.net/photos/pets/68834185/1/?bust=1694475815&width=100"",""medium"":""https://dl5zpyw5k3jeb.cloudfront.net/photos/pets/68834185/1/?bust=1694475815&width=300"",""large"":""https://dl5zpyw5k3jeb.cloudfront.net/photos/pets/68834185/1/?bust=1694475815&width=600"",""full"":""https://dl5zpyw5k3jeb.cloudfront.net/photos/pets/68834185/1/?bust=1694475815""}",68834185
111,"{""small"":""https://dl5zpyw5k3jeb.cloudfront.net/photos/pets/68834185/2/?bust=1694475816&width=100"",""medium"":""https://dl5zpyw5k3jeb.cloudfront.net/photos/pets/68834185/2/?bust=1694475816&width=300"",""large"":""https://dl5zpyw5k3jeb.cloudfront.net/photos/pets/68834185/2/?bust=1694475816&width=600"",""full"":""https://dl5zpyw5k3jeb.cloudfront.net/photos/pets/68834185/2/?bust=1694475816""}",68834185
112,"{""small"":""https://dl5zpyw5k3jeb.cloudfront.net/photos/pets/68834185/3/?bust=1694475816&width=100"",""medium"":""https://dl5zpyw5k3jeb.cloudfront.net/photos/pets/68834185/3/?bust=1694475816&width=300"",""large"":""https://dl5zpyw5k3jeb.cloudfront.net/photos/pets/68834185/3/?bust=1694475816&width=600"",""full"":""https://dl5zpyw5k3jeb.cloudfront.net/photos/pets/68834185/3/?bust=1694475816""}",68834185
113,"{""small"":""https://dl5zpyw5k3jeb.cloudfront.net/photos/pets/68834089/1/?bust=1694475444&width=100"",""medium"":""https://dl5zpyw5k3jeb.cloudfront.net/photos/pets/68834089/1/?bust=1694475444&width=300"",""large"":""https://dl5zpyw5k3jeb.cloudfront.net/photos/pets/68834089/1/?bust=1694475444&width=600"",""full"":""https://dl5zpyw5k3jeb.cloudfront.net/photos/pets/68834089/1/?bust=1694475444""}",68834089
114,"{""small"":""https://dl5zpyw5k3jeb.cloudfront.net/photos/pets/68834087/1/?bust=1694475444&width=100"",""medium"":""https://dl5zpyw5k3jeb.cloudfront.net/photos/pets/68834087/1/?bust=1694475444&width=300"",""large"":""https://dl5zpyw5k3jeb.cloudfront.net/photos/pets/68834087/1/?bust=1694475444&width=600"",""full"":""https://dl5zpyw5k3jeb.cloudfront.net/photos/pets/68834087/1/?bust=1694475444""}",68834087
115,"{""small"":""https://dl5zpyw5k3jeb.cloudfront.net/photos/pets/68834088/1/?bust=1694475444&width=100"",""medium"":""https://dl5zpyw5k3jeb.cloudfront.net/photos/pets/68834088/1/?bust=1694475444&width=300"",""large"":""https://dl5zpyw5k3jeb.cloudfront.net/photos/pets/68834088/1/?bust=1694475444&width=600"",""full"":""https://dl5zpyw5k3jeb.cloudfront.net/photos/pets/68834088/1/?bust=1694475444""}",68834088
116,"{""small"":""https://dl5zpyw5k3jeb.cloudfront.net/photos/pets/68834091/1/?bust=1694475444&width=100"",""medium"":""https://dl5zpyw5k3jeb.cloudfront.net/photos/pets/68834091/1/?bust=1694475444&width=300"",""large"":""https://dl5zpyw5k3jeb.cloudfront.net/photos/pets/68834091/1/?bust=1694475444&width=600"",""full"":""https://dl5zpyw5k3jeb.cloudfront.net/photos/pets/68834091/1/?bust=1694475444""}",68834091
117,"{""small"":""https://dl5zpyw5k3jeb.cloudfront.net/photos/pets/68834092/1/?bust=1694475445&width=100"",""medium"":""https://dl5zpyw5k3jeb.cloudfront.net/photos/pets/68834092/1/?bust=1694475445&width=300"",""large"":""https://dl5zpyw5k3jeb.cloudfront.net/photos/pets/68834092/1/?bust=1694475445&width=600"",""full"":""https://dl5zpyw5k3jeb.cloudfront.net/photos/pets/68834092/1/?bust=1694475445""}",68834092
118,"{""small"":""https://dl5zpyw5k3jeb.cloudfront.net/photos/pets/68834094/1/?bust=1694475445&width=100"",""medium"":""https://dl5zpyw5k3jeb.cloudfront.net/photos/pets/68834094/1/?bust=1694475445&width=300"",""large"":""https://dl5zpyw5k3jeb.cloudfront.net/photos/pets/68834094/1/?bust=1694475445&width=600"",""full"":""https://dl5zpyw5k3jeb.cloudfront.net/photos/pets/68834094/1/?bust=1694475445""}",68834094
119,"{""small"":""https://dl5zpyw5k3jeb.cloudfront.net/photos/pets/68834096/1/?bust=1694475446&width=100"",""medium"":""https://dl5zpyw5k3jeb.cloudfront.net/photos/pets/68834096/1/?bust=1694475446&width=300"",""large"":""https://dl5zpyw5k3jeb.cloudfront.net/photos/pets/68834096/1/?bust=1694475446&width=600"",""full"":""https://dl5zpyw5k3jeb.cloudfront.net/photos/pets/68834096/1/?bust=1694475446""}",68834096
120,"{""small"":""https://dl5zpyw5k3jeb.cloudfront.net/photos/pets/68834047/1/?bust=1694475413&width=100"",""medium"":""https://dl5zpyw5k3jeb.cloudfront.net/photos/pets/68834047/1/?bust=1694475413&width=300"",""large"":""https://dl5zpyw5k3jeb.cloudfront.net/photos/pets/68834047/1/?bust=1694475413&width=600"",""full"":""https://dl5zpyw5k3jeb.cloudfront.net/photos/pets/68834047/1/?bust=1694475413""}",68834047
121,"{""small"":""https://dl5zpyw5k3jeb.cloudfront.net/photos/pets/68834048/1/?bust=1694475414&width=100"",""medium"":""https://dl5zpyw5k3jeb.cloudfront.net/photos/pets/68834048/1/?bust=1694475414&width=300"",""large"":""https://dl5zpyw5k3jeb.cloudfront.net/photos/pets/68834048/1/?bust=1694475414&width=600"",""full"":""https://dl5zpyw5k3jeb.cloudfront.net/photos/pets/68834048/1/?bust=1694475414""}",68834048
122,"{""small"":""https://dl5zpyw5k3jeb.cloudfront.net/photos/pets/68834044/1/?bust=1694475414&width=100"",""medium"":""https://dl5zpyw5k3jeb.cloudfront.net/photos/pets/68834044/1/?bust=1694475414&width=300"",""large"":""https://dl5zpyw5k3jeb.cloudfront.net/photos/pets/68834044/1/?bust=1694475414&width=600"",""full"":""https://dl5zpyw5k3jeb.cloudfront.net/photos/pets/68834044/1/?bust=1694475414""}",68834044
123,"{""small"":""https://dl5zpyw5k3jeb.cloudfront.net/photos/pets/68834046/1/?bust=1694475415&width=100"",""medium"":""https://dl5zpyw5k3jeb.cloudfront.net/photos/pets/68834046/1/?bust=1694475415&width=300"",""large"":""https://dl5zpyw5k3jeb.cloudfront.net/photos/pets/68834046/1/?bust=1694475415&width=600"",""full"":""https://dl5zpyw5k3jeb.cloudfront.net/photos/pets/68834046/1/?bust=1694475415""}",68834046
124,"{""small"":""https://dl5zpyw5k3jeb.cloudfront.net/photos/pets/68834045/1/?bust=1694475416&width=100"",""medium"":""https://dl5zpyw5k3jeb.cloudfront.net/photos/pets/68834045/1/?bust=1694475416&width=300"",""large"":""https://dl5zpyw5k3jeb.cloudfront.net/photos/pets/68834045/1/?bust=1694475416&width=600"",""full"":""https://dl5zpyw5k3jeb.cloudfront.net/photos/pets/68834045/1/?bust=1694475416""}",68834045
125,"{""small"":""https://dl5zpyw5k3jeb.cloudfront.net/photos/pets/68834035/1/?bust=1694475399&width=100"",""medium"":""https://dl5zpyw5k3jeb.cloudfront.net/photos/pets/68834035/1/?bust=1694475399&width=300"",""large"":""https://dl5zpyw5k3jeb.cloudfront.net/photos/pets/68834035/1/?bust=1694475399&width=600"",""full"":""https://dl5zpyw5k3jeb.cloudfront.net/photos/pets/68834035/1/?bust=1694475399""}",68834035
126,"{""small"":""https://dl5zpyw5k3jeb.cloudfront.net/photos/pets/68834015/1/?bust=1694474612&width=100"",""medium"":""https://dl5zpyw5k3jeb.cloudfront.net/photos/pets/68834015/1/?bust=1694474612&width=300"",""large"":""https://dl5zpyw5k3jeb.cloudfront.net/photos/pets/68834015/1/?bust=1694474612&width=600"",""full"":""https://dl5zpyw5k3jeb.cloudfront.net/photos/pets/68834015/1/?bust=1694474612""}",68834015
127,"{""small"":""https://dl5zpyw5k3jeb.cloudfront.net/photos/pets/68834015/2/?bust=1694474613&width=100"",""medium"":""https://dl5zpyw5k3jeb.cloudfront.net/photos/pets/68834015/2/?bust=1694474613&width=300"",""large"":""https://dl5zpyw5k3jeb.cloudfront.net/photos/pets/68834015/2/?bust=1694474613&width=600"",""full"":""https://dl5zpyw5k3jeb.cloudfront.net/photos/pets/68834015/2/?bust=1694474613""}",68834015
128,"{""small"":""https://dl5zpyw5k3jeb.cloudfront.net/photos/pets/68834015/3/?bust=1694474613&width=100"",""medium"":""https://dl5zpyw5k3jeb.cloudfront.net/photos/pets/68834015/3/?bust=1694474613&width=300"",""large"":""https://dl5zpyw5k3jeb.cloudfront.net/photos/pets/68834015/3/?bust=1694474613&width=600"",""full"":""https://dl5zpyw5k3jeb.cloudfront.net/photos/pets/68834015/3/?bust=1694474613""}",68834015
129,"{""small"":""https://dl5zpyw5k3jeb.cloudfront.net/photos/pets/68834015/4/?bust=1694474614&width=100"",""medium"":""https://dl5zpyw5k3jeb.cloudfront.net/photos/pets/68834015/4/?bust=1694474614&width=300"",""large"":""https://dl5zpyw5k3jeb.cloudfront.net/photos/pets/68834015/4/?bust=1694474614&width=600"",""full"":""https://dl5zpyw5k3jeb.cloudfront.net/photos/pets/68834015/4/?bust=1694474614""}",68834015
130,"{""small"":""https://dl5zpyw5k3jeb.cloudfront.net/photos/pets/68834015/5/?bust=1694474615&width=100"",""medium"":""https://dl5zpyw5k3jeb.cloudfront.net/photos/pets/68834015/5/?bust=1694474615&width=300"",""large"":""https://dl5zpyw5k3jeb.cloudfront.net/photos/pets/68834015/5/?bust=1694474615&width=600"",""full"":""https://dl5zpyw5k3jeb.cloudfront.net/photos/pets/68834015/5/?bust=1694474615""}",68834015
131,"{""small"":""https://dl5zpyw5k3jeb.cloudfront.net/photos/pets/68834015/6/?bust=1694474615&width=100"",""medium"":""https://dl5zpyw5k3jeb.cloudfront.net/photos/pets/68834015/6/?bust=1694474615&width=300"",""large"":""https://dl5zpyw5k3jeb.cloudfront.net/photos/pets/68834015/6/?bust=1694474615&width=600"",""full"":""https://dl5zpyw5k3jeb.cloudfront.net/photos/pets/68834015/6/?bust=1694474615""}",68834015
132,"{""small"":""https://dl5zpyw5k3jeb.cloudfront.net/photos/pets/68833806/1/?bust=1694474435&width=100"",""medium"":""https://dl5zpyw5k3jeb.cloudfront.net/photos/pets/68833806/1/?bust=1694474435&width=300"",""large"":""https://dl5zpyw5k3jeb.cloudfront.net/photos/pets/68833806/1/?bust=1694474435&width=600"",""full"":""https://dl5zpyw5k3jeb.cloudfront.net/photos/pets/68833806/1/?bust=1694474435""}",68833806
133,"{""small"":""https://dl5zpyw5k3jeb.cloudfront.net/photos/pets/68833806/2/?bust=1694474429&width=100"",""medium"":""https://dl5zpyw5k3jeb.cloudfront.net/photos/pets/68833806/2/?bust=1694474429&width=300"",""large"":""https://dl5zpyw5k3jeb.cloudfront.net/photos/pets/68833806/2/?bust=1694474429&width=600"",""full"":""https://dl5zpyw5k3jeb.cloudfront.net/photos/pets/68833806/2/?bust=1694474429""}",68833806
134,"{""small"":""https://dl5zpyw5k3jeb.cloudfront.net/photos/pets/68833806/3/?bust=1694474433&width=100"",""medium"":""https://dl5zpyw5k3jeb.cloudfront.net/photos/pets/68833806/3/?bust=1694474433&width=300"",""large"":""https://dl5zpyw5k3jeb.cloudfront.net/photos/pets/68833806/3/?bust=1694474433&width=600"",""full"":""https://dl5zpyw5k3jeb.cloudfront.net/photos/pets/68833806/3/?bust=1694474433""}",68833806
135,"{""small"":""https://dl5zpyw5k3jeb.cloudfront.net/photos/pets/68833806/4/?bust=1694474445&width=100"",""medium"":""https://dl5zpyw5k3jeb.cloudfront.net/photos/pets/68833806/4/?bust=1694474445&width=300"",""large"":""https://dl5zpyw5k3jeb.cloudfront.net/photos/pets/68833806/4/?bust=1694474445&width=600"",""full"":""https://dl5zpyw5k3jeb.cloudfront.net/photos/pets/68833806/4/?bust=1694474445""}",68833806
136,"{""small"":""https://dl5zpyw5k3jeb.cloudfront.net/photos/pets/68833806/5/?bust=1694474436&width=100"",""medium"":""https://dl5zpyw5k3jeb.cloudfront.net/photos/pets/68833806/5/?bust=1694474436&width=300"",""large"":""https://dl5zpyw5k3jeb.cloudfront.net/photos/pets/68833806/5/?bust=1694474436&width=600"",""full"":""https://dl5zpyw5k3jeb.cloudfront.net/photos/pets/68833806/5/?bust=1694474436""}",68833806
137,"{""small"":""https://dl5zpyw5k3jeb.cloudfront.net/photos/pets/68833806/6/?bust=1694474435&width=100"",""medium"":""https://dl5zpyw5k3jeb.cloudfront.net/photos/pets/68833806/6/?bust=1694474435&width=300"",""large"":""https://dl5zpyw5k3jeb.cloudfront.net/photos/pets/68833806/6/?bust=1694474435&width=600"",""full"":""https://dl5zpyw5k3jeb.cloudfront.net/photos/pets/68833806/6/?bust=1694474435""}",68833806
138,"{""small"":""https://dl5zpyw5k3jeb.cloudfront.net/photos/pets/68833807/1/?bust=1694474433&width=100"",""medium"":""https://dl5zpyw5k3jeb.cloudfront.net/photos/pets/68833807/1/?bust=1694474433&width=300"",""large"":""https://dl5zpyw5k3jeb.cloudfront.net/photos/pets/68833807/1/?bust=1694474433&width=600"",""full"":""https://dl5zpyw5k3jeb.cloudfront.net/photos/pets/68833807/1/?bust=1694474433""}",68833807
139,"{""small"":""https://dl5zpyw5k3jeb.cloudfront.net/photos/pets/68833807/2/?bust=1694474440&width=100"",""medium"":""https://dl5zpyw5k3jeb.cloudfront.net/photos/pets/68833807/2/?bust=1694474440&width=300"",""large"":""https://dl5zpyw5k3jeb.cloudfront.net/photos/pets/68833807/2/?bust=1694474440&width=600"",""full"":""https://dl5zpyw5k3jeb.cloudfront.net/photos/pets/68833807/2/?bust=1694474440""}",68833807
140,"{""small"":""https://dl5zpyw5k3jeb.cloudfront.net/photos/pets/68833807/3/?bust=1694474427&width=100"",""medium"":""https://dl5zpyw5k3jeb.cloudfront.net/photos/pets/68833807/3/?bust=1694474427&width=300"",""large"":""https://dl5zpyw5k3jeb.cloudfront.net/photos/pets/68833807/3/?bust=1694474427&width=600"",""full"":""https://dl5zpyw5k3jeb.cloudfront.net/photos/pets/68833807/3/?bust=1694474427""}",68833807
141,"{""small"":""https://dl5zpyw5k3jeb.cloudfront.net/photos/pets/68833807/4/?bust=1694474428&width=100"",""medium"":""https://dl5zpyw5k3jeb.cloudfront.net/photos/pets/68833807/4/?bust=1694474428&width=300"",""large"":""https://dl5zpyw5k3jeb.cloudfront.net/photos/pets/68833807/4/?bust=1694474428&width=600"",""full"":""https://dl5zpyw5k3jeb.cloudfront.net/photos/pets/68833807/4/?bust=1694474428""}",68833807
142,"{""small"":""https://dl5zpyw5k3jeb.cloudfront.net/photos/pets/68833807/5/?bust=1694474443&width=100"",""medium"":""https://dl5zpyw5k3jeb.cloudfront.net/photos/pets/68833807/5/?bust=1694474443&width=300"",""large"":""https://dl5zpyw5k3jeb.cloudfront.net/photos/pets/68833807/5/?bust=1694474443&width=600"",""full"":""https://dl5zpyw5k3jeb.cloudfront.net/photos/pets/68833807/5/?bust=1694474443""}",68833807
143,"{""small"":""https://dl5zpyw5k3jeb.cloudfront.net/photos/pets/68833807/6/?bust=1694474431&width=100"",""medium"":""https://dl5zpyw5k3jeb.cloudfront.net/photos/pets/68833807/6/?bust=1694474431&width=300"",""large"":""https://dl5zpyw5k3jeb.cloudfront.net/photos/pets/68833807/6/?bust=1694474431&width=600"",""full"":""https://dl5zpyw5k3jeb.cloudfront.net/photos/pets/68833807/6/?bust=1694474431""}",68833807
144,"{""small"":""https://dl5zpyw5k3jeb.cloudfront.net/photos/pets/68833795/1/?bust=1694474423&width=100"",""medium"":""https://dl5zpyw5k3jeb.cloudfront.net/photos/pets/68833795/1/?bust=1694474423&width=300"",""large"":""https://dl5zpyw5k3jeb.cloudfront.net/photos/pets/68833795/1/?bust=1694474423&width=600"",""full"":""https://dl5zpyw5k3jeb.cloudfront.net/photos/pets/68833795/1/?bust=1694474423""}",68833795
145,"{""small"":""https://dl5zpyw5k3jeb.cloudfront.net/photos/pets/68833795/2/?bust=1694474424&width=100"",""medium"":""https://dl5zpyw5k3jeb.cloudfront.net/photos/pets/68833795/2/?bust=1694474424&width=300"",""large"":""https://dl5zpyw5k3jeb.cloudfront.net/photos/pets/68833795/2/?bust=1694474424&width=600"",""full"":""https://dl5zpyw5k3jeb.cloudfront.net/photos/pets/68833795/2/?bust=1694474424""}",68833795
146,"{""small"":""https://dl5zpyw5k3jeb.cloudfront.net/photos/pets/68833741/1/?bust=1694474372&width=100"",""medium"":""https://dl5zpyw5k3jeb.cloudfront.net/photos/pets/68833741/1/?bust=1694474372&width=300"",""large"":""https://dl5zpyw5k3jeb.cloudfront.net/photos/pets/68833741/1/?bust=1694474372&width=600"",""full"":""https://dl5zpyw5k3jeb.cloudfront.net/photos/pets/68833741/1/?bust=1694474372""}",68833741
147,"{""small"":""https://dl5zpyw5k3jeb.cloudfront.net/photos/pets/68833742/1/?bust=1694474373&width=100"",""medium"":""https://dl5zpyw5k3jeb.cloudfront.net/photos/pets/68833742/1/?bust=1694474373&width=300"",""large"":""https://dl5zpyw5k3jeb.cloudfront.net/photos/pets/68833742/1/?bust=1694474373&width=600"",""full"":""https://dl5zpyw5k3jeb.cloudfront.net/photos/pets/68833742/1/?bust=1694474373""}",68833742
148,"{""small"":""https://dl5zpyw5k3jeb.cloudfront.net/photos/pets/68833720/2/?bust=1694473410&width=100"",""medium"":""https://dl5zpyw5k3jeb.cloudfront.net/photos/pets/68833720/2/?bust=1694473410&width=300"",""large"":""https://dl5zpyw5k3jeb.cloudfront.net/photos/pets/68833720/2/?bust=1694473410&width=600"",""full"":""https://dl5zpyw5k3jeb.cloudfront.net/photos/pets/68833720/2/?bust=1694473410""}",68833720
149,"{""small"":""https://dl5zpyw5k3jeb.cloudfront.net/photos/pets/68833720/1/?bust=1694473408&width=100"",""medium"":""https://dl5zpyw5k3jeb.cloudfront.net/photos/pets/68833720/1/?bust=1694473408&width=300"",""large"":""https://dl5zpyw5k3jeb.cloudfront.net/photos/pets/68833720/1/?bust=1694473408&width=600"",""full"":""https://dl5zpyw5k3jeb.cloudfront.net/photos/pets/68833720/1/?bust=1694473408""}",68833720
150,"{""small"":""https://dl5zpyw5k3jeb.cloudfront.net/photos/pets/68833720/3/?bust=1694473410&width=100"",""medium"":""https://dl5zpyw5k3jeb.cloudfront.net/photos/pets/68833720/3/?bust=1694473410&width=300"",""large"":""https://dl5zpyw5k3jeb.cloudfront.net/photos/pets/68833720/3/?bust=1694473410&width=600"",""full"":""https://dl5zpyw5k3jeb.cloudfront.net/photos/pets/68833720/3/?bust=1694473410""}",68833720
151,"{""small"":""https://dl5zpyw5k3jeb.cloudfront.net/photos/pets/68833720/4/?bust=1694473411&width=100"",""medium"":""https://dl5zpyw5k3jeb.cloudfront.net/photos/pets/68833720/4/?bust=1694473411&width=300"",""large"":""https://dl5zpyw5k3jeb.cloudfront.net/photos/pets/68833720/4/?bust=1694473411&width=600"",""full"":""https://dl5zpyw5k3jeb.cloudfront.net/photos/pets/68833720/4/?bust=1694473411""}",68833720
152,"{""small"":""https://dl5zpyw5k3jeb.cloudfront.net/photos/pets/68833696/3/?bust=1694473207&width=100"",""medium"":""https://dl5zpyw5k3jeb.cloudfront.net/photos/pets/68833696/3/?bust=1694473207&width=300"",""large"":""https://dl5zpyw5k3jeb.cloudfront.net/photos/pets/68833696/3/?bust=1694473207&width=600"",""full"":""https://dl5zpyw5k3jeb.cloudfront.net/photos/pets/68833696/3/?bust=1694473207""}",68833696
153,"{""small"":""https://dl5zpyw5k3jeb.cloudfront.net/photos/pets/68833696/1/?bust=1694473205&width=100"",""medium"":""https://dl5zpyw5k3jeb.cloudfront.net/photos/pets/68833696/1/?bust=1694473205&width=300"",""large"":""https://dl5zpyw5k3jeb.cloudfront.net/photos/pets/68833696/1/?bust=1694473205&width=600"",""full"":""https://dl5zpyw5k3jeb.cloudfront.net/photos/pets/68833696/1/?bust=1694473205""}",68833696
154,"{""small"":""https://dl5zpyw5k3jeb.cloudfront.net/photos/pets/68833696/2/?bust=1694473206&width=100"",""medium"":""https://dl5zpyw5k3jeb.cloudfront.net/photos/pets/68833696/2/?bust=1694473206&width=300"",""large"":""https://dl5zpyw5k3jeb.cloudfront.net/photos/pets/68833696/2/?bust=1694473206&width=600"",""full"":""https://dl5zpyw5k3jeb.cloudfront.net/photos/pets/68833696/2/?bust=1694473206""}",68833696
155,"{""small"":""https://dl5zpyw5k3jeb.cloudfront.net/photos/pets/68833696/4/?bust=1694473207&width=100"",""medium"":""https://dl5zpyw5k3jeb.cloudfront.net/photos/pets/68833696/4/?bust=1694473207&width=300"",""large"":""https://dl5zpyw5k3jeb.cloudfront.net/photos/pets/68833696/4/?bust=1694473207&width=600"",""full"":""https://dl5zpyw5k3jeb.cloudfront.net/photos/pets/68833696/4/?bust=1694473207""}",68833696
156,"{""small"":""https://dl5zpyw5k3jeb.cloudfront.net/photos/pets/68833688/1/?bust=1694473104&width=100"",""medium"":""https://dl5zpyw5k3jeb.cloudfront.net/photos/pets/68833688/1/?bust=1694473104&width=300"",""large"":""https://dl5zpyw5k3jeb.cloudfront.net/photos/pets/68833688/1/?bust=1694473104&width=600"",""full"":""https://dl5zpyw5k3jeb.cloudfront.net/photos/pets/68833688/1/?bust=1694473104""}",68833688
157,"{""small"":""https://dl5zpyw5k3jeb.cloudfront.net/photos/pets/68833550/2/?bust=1694472024&width=100"",""medium"":""https://dl5zpyw5k3jeb.cloudfront.net/photos/pets/68833550/2/?bust=1694472024&width=300"",""large"":""https://dl5zpyw5k3jeb.cloudfront.net/photos/pets/68833550/2/?bust=1694472024&width=600"",""full"":""https://dl5zpyw5k3jeb.cloudfront.net/photos/pets/68833550/2/?bust=1694472024""}",68833550
158,"{""small"":""https://dl5zpyw5k3jeb.cloudfront.net/photos/pets/68833550/1/?bust=1694472023&width=100"",""medium"":""https://dl5zpyw5k3jeb.cloudfront.net/photos/pets/68833550/1/?bust=1694472023&width=300"",""large"":""https://dl5zpyw5k3jeb.cloudfront.net/photos/pets/68833550/1/?bust=1694472023&width=600"",""full"":""https://dl5zpyw5k3jeb.cloudfront.net/photos/pets/68833550/1/?bust=1694472023""}",68833550
159,"{""small"":""https://dl5zpyw5k3jeb.cloudfront.net/photos/pets/68833550/3/?bust=1694472025&width=100"",""medium"":""https://dl5zpyw5k3jeb.cloudfront.net/photos/pets/68833550/3/?bust=1694472025&width=300"",""large"":""https://dl5zpyw5k3jeb.cloudfront.net/photos/pets/68833550/3/?bust=1694472025&width=600"",""full"":""https://dl5zpyw5k3jeb.cloudfront.net/photos/pets/68833550/3/?bust=1694472025""}",68833550
160,"{""small"":""https://dl5zpyw5k3jeb.cloudfront.net/photos/pets/68833550/4/?bust=1694472025&width=100"",""medium"":""https://dl5zpyw5k3jeb.cloudfront.net/photos/pets/68833550/4/?bust=1694472025&width=300"",""large"":""https://dl5zpyw5k3jeb.cloudfront.net/photos/pets/68833550/4/?bust=1694472025&width=600"",""full"":""https://dl5zpyw5k3jeb.cloudfront.net/photos/pets/68833550/4/?bust=1694472025""}",68833550
161,"{""small"":""https://dl5zpyw5k3jeb.cloudfront.net/photos/pets/68833058/1/?bust=1694470386&width=100"",""medium"":""https://dl5zpyw5k3jeb.cloudfront.net/photos/pets/68833058/1/?bust=1694470386&width=300"",""large"":""https://dl5zpyw5k3jeb.cloudfront.net/photos/pets/68833058/1/?bust=1694470386&width=600"",""full"":""https://dl5zpyw5k3jeb.cloudfront.net/photos/pets/68833058/1/?bust=1694470386""}",68833058
162,"{""small"":""https://dl5zpyw5k3jeb.cloudfront.net/photos/pets/68833058/2/?bust=1694470387&width=100"",""medium"":""https://dl5zpyw5k3jeb.cloudfront.net/photos/pets/68833058/2/?bust=1694470387&width=300"",""large"":""https://dl5zpyw5k3jeb.cloudfront.net/photos/pets/68833058/2/?bust=1694470387&width=600"",""full"":""https://dl5zpyw5k3jeb.cloudfront.net/photos/pets/68833058/2/?bust=1694470387""}",68833058
163,"{""small"":""https://dl5zpyw5k3jeb.cloudfront.net/photos/pets/68833059/1/?bust=1694470387&width=100"",""medium"":""https://dl5zpyw5k3jeb.cloudfront.net/photos/pets/68833059/1/?bust=1694470387&width=300"",""large"":""https://dl5zpyw5k3jeb.cloudfront.net/photos/pets/68833059/1/?bust=1694470387&width=600"",""full"":""https://dl5zpyw5k3jeb.cloudfront.net/photos/pets/68833059/1/?bust=1694470387""}",68833059
164,"{""small"":""https://dl5zpyw5k3jeb.cloudfront.net/photos/pets/68833059/2/?bust=1694470389&width=100"",""medium"":""https://dl5zpyw5k3jeb.cloudfront.net/photos/pets/68833059/2/?bust=1694470389&width=300"",""large"":""https://dl5zpyw5k3jeb.cloudfront.net/photos/pets/68833059/2/?bust=1694470389&width=600"",""full"":""https://dl5zpyw5k3jeb.cloudfront.net/photos/pets/68833059/2/?bust=1694470389""}",68833059
165,"{""small"":""https://dl5zpyw5k3jeb.cloudfront.net/photos/pets/68832997/1/?bust=1694470105&width=100"",""medium"":""https://dl5zpyw5k3jeb.cloudfront.net/photos/pets/68832997/1/?bust=1694470105&width=300"",""large"":""https://dl5zpyw5k3jeb.cloudfront.net/photos/pets/68832997/1/?bust=1694470105&width=600"",""full"":""https://dl5zpyw5k3jeb.cloudfront.net/photos/pets/68832997/1/?bust=1694470105""}",68832997
166,"{""small"":""https://dl5zpyw5k3jeb.cloudfront.net/photos/pets/68832996/1/?bust=1694470105&width=100"",""medium"":""https://dl5zpyw5k3jeb.cloudfront.net/photos/pets/68832996/1/?bust=1694470105&width=300"",""large"":""https://dl5zpyw5k3jeb.cloudfront.net/photos/pets/68832996/1/?bust=1694470105&width=600"",""full"":""https://dl5zpyw5k3jeb.cloudfront.net/photos/pets/68832996/1/?bust=1694470105""}",68832996
167,"{""small"":""https://dl5zpyw5k3jeb.cloudfront.net/photos/pets/68832654/1/?bust=1694468180&width=100"",""medium"":""https://dl5zpyw5k3jeb.cloudfront.net/photos/pets/68832654/1/?bust=1694468180&width=300"",""large"":""https://dl5zpyw5k3jeb.cloudfront.net/photos/pets/68832654/1/?bust=1694468180&width=600"",""full"":""https://dl5zpyw5k3jeb.cloudfront.net/photos/pets/68832654/1/?bust=1694468180""}",68832654
168,"{""small"":""https://dl5zpyw5k3jeb.cloudfront.net/photos/pets/68832654/2/?bust=1694468150&width=100"",""medium"":""https://dl5zpyw5k3jeb.cloudfront.net/photos/pets/68832654/2/?bust=1694468150&width=300"",""large"":""https://dl5zpyw5k3jeb.cloudfront.net/photos/pets/68832654/2/?bust=1694468150&width=600"",""full"":""https://dl5zpyw5k3jeb.cloudfront.net/photos/pets/68832654/2/?bust=1694468150""}",68832654
169,"{""small"":""https://dl5zpyw5k3jeb.cloudfront.net/photos/pets/68832654/3/?bust=1694468198&width=100"",""medium"":""https://dl5zpyw5k3jeb.cloudfront.net/photos/pets/68832654/3/?bust=1694468198&width=300"",""large"":""https://dl5zpyw5k3jeb.cloudfront.net/photos/pets/68832654/3/?bust=1694468198&width=600"",""full"":""https://dl5zpyw5k3jeb.cloudfront.net/photos/pets/68832654/3/?bust=1694468198""}",68832654
170,"{""small"":""https://dl5zpyw5k3jeb.cloudfront.net/photos/pets/68832654/4/?bust=1694468164&width=100"",""medium"":""https://dl5zpyw5k3jeb.cloudfront.net/photos/pets/68832654/4/?bust=1694468164&width=300"",""large"":""https://dl5zpyw5k3jeb.cloudfront.net/photos/pets/68832654/4/?bust=1694468164&width=600"",""full"":""https://dl5zpyw5k3jeb.cloudfront.net/photos/pets/68832654/4/?bust=1694468164""}",68832654
171,"{""small"":""https://dl5zpyw5k3jeb.cloudfront.net/photos/pets/68832653/1/?bust=1694468217&width=100"",""medium"":""https://dl5zpyw5k3jeb.cloudfront.net/photos/pets/68832653/1/?bust=1694468217&width=300"",""large"":""https://dl5zpyw5k3jeb.cloudfront.net/photos/pets/68832653/1/?bust=1694468217&width=600"",""full"":""https://dl5zpyw5k3jeb.cloudfront.net/photos/pets/68832653/1/?bust=1694468217""}",68832653
172,"{""small"":""https://dl5zpyw5k3jeb.cloudfront.net/photos/pets/68832653/2/?bust=1694468175&width=100"",""medium"":""https://dl5zpyw5k3jeb.cloudfront.net/photos/pets/68832653/2/?bust=1694468175&width=300"",""large"":""https://dl5zpyw5k3jeb.cloudfront.net/photos/pets/68832653/2/?bust=1694468175&width=600"",""full"":""https://dl5zpyw5k3jeb.cloudfront.net/photos/pets/68832653/2/?bust=1694468175""}",68832653
173,"{""small"":""https://dl5zpyw5k3jeb.cloudfront.net/photos/pets/68832653/3/?bust=1694468149&width=100"",""medium"":""https://dl5zpyw5k3jeb.cloudfront.net/photos/pets/68832653/3/?bust=1694468149&width=300"",""large"":""https://dl5zpyw5k3jeb.cloudfront.net/photos/pets/68832653/3/?bust=1694468149&width=600"",""full"":""https://dl5zpyw5k3jeb.cloudfront.net/photos/pets/68832653/3/?bust=1694468149""}",68832653
174,"{""small"":""https://dl5zpyw5k3jeb.cloudfront.net/photos/pets/68832653/4/?bust=1694468171&width=100"",""medium"":""https://dl5zpyw5k3jeb.cloudfront.net/photos/pets/68832653/4/?bust=1694468171&width=300"",""large"":""https://dl5zpyw5k3jeb.cloudfront.net/photos/pets/68832653/4/?bust=1694468171&width=600"",""full"":""https://dl5zpyw5k3jeb.cloudfront.net/photos/pets/68832653/4/?bust=1694468171""}",68832653
175,"{""small"":""https://dl5zpyw5k3jeb.cloudfront.net/photos/pets/68832552/1/?bust=1694467992&width=100"",""medium"":""https://dl5zpyw5k3jeb.cloudfront.net/photos/pets/68832552/1/?bust=1694467992&width=300"",""large"":""https://dl5zpyw5k3jeb.cloudfront.net/photos/pets/68832552/1/?bust=1694467992&width=600"",""full"":""https://dl5zpyw5k3jeb.cloudfront.net/photos/pets/68832552/1/?bust=1694467992""}",68832552
176,"{""small"":""https://dl5zpyw5k3jeb.cloudfront.net/photos/pets/68832552/2/?bust=1694467892&width=100"",""medium"":""https://dl5zpyw5k3jeb.cloudfront.net/photos/pets/68832552/2/?bust=1694467892&width=300"",""large"":""https://dl5zpyw5k3jeb.cloudfront.net/photos/pets/68832552/2/?bust=1694467892&width=600"",""full"":""https://dl5zpyw5k3jeb.cloudfront.net/photos/pets/68832552/2/?bust=1694467892""}",68832552
177,"{""small"":""https://dl5zpyw5k3jeb.cloudfront.net/photos/pets/68832214/1/?bust=1694466647&width=100"",""medium"":""https://dl5zpyw5k3jeb.cloudfront.net/photos/pets/68832214/1/?bust=1694466647&width=300"",""large"":""https://dl5zpyw5k3jeb.cloudfront.net/photos/pets/68832214/1/?bust=1694466647&width=600"",""full"":""https://dl5zpyw5k3jeb.cloudfront.net/photos/pets/68832214/1/?bust=1694466647""}",68832214
178,"{""small"":""https://dl5zpyw5k3jeb.cloudfront.net/photos/pets/68832211/1/?bust=1694466648&width=100"",""medium"":""https://dl5zpyw5k3jeb.cloudfront.net/photos/pets/68832211/1/?bust=1694466648&width=300"",""large"":""https://dl5zpyw5k3jeb.cloudfront.net/photos/pets/68832211/1/?bust=1694466648&width=600"",""full"":""https://dl5zpyw5k3jeb.cloudfront.net/photos/pets/68832211/1/?bust=1694466648""}",68832211
179,"{""small"":""https://dl5zpyw5k3jeb.cloudfront.net/photos/pets/68832210/1/?bust=1694466644&width=100"",""medium"":""https://dl5zpyw5k3jeb.cloudfront.net/photos/pets/68832210/1/?bust=1694466644&width=300"",""large"":""https://dl5zpyw5k3jeb.cloudfront.net/photos/pets/68832210/1/?bust=1694466644&width=600"",""full"":""https://dl5zpyw5k3jeb.cloudfront.net/photos/pets/68832210/1/?bust=1694466644""}",68832210
180,"{""small"":""https://dl5zpyw5k3jeb.cloudfront.net/photos/pets/68832213/1/?bust=1694466647&width=100"",""medium"":""https://dl5zpyw5k3jeb.cloudfront.net/photos/pets/68832213/1/?bust=1694466647&width=300"",""large"":""https://dl5zpyw5k3jeb.cloudfront.net/photos/pets/68832213/1/?bust=1694466647&width=600"",""full"":""https://dl5zpyw5k3jeb.cloudfront.net/photos/pets/68832213/1/?bust=1694466647""}",68832213
181,"{""small"":""https://dl5zpyw5k3jeb.cloudfront.net/photos/pets/68832206/1/?bust=1694466643&width=100"",""medium"":""https://dl5zpyw5k3jeb.cloudfront.net/photos/pets/68832206/1/?bust=1694466643&width=300"",""large"":""https://dl5zpyw5k3jeb.cloudfront.net/photos/pets/68832206/1/?bust=1694466643&width=600"",""full"":""https://dl5zpyw5k3jeb.cloudfront.net/photos/pets/68832206/1/?bust=1694466643""}",68832206
182,"{""small"":""https://dl5zpyw5k3jeb.cloudfront.net/photos/pets/68832207/1/?bust=1694466646&width=100"",""medium"":""https://dl5zpyw5k3jeb.cloudfront.net/photos/pets/68832207/1/?bust=1694466646&width=300"",""large"":""https://dl5zpyw5k3jeb.cloudfront.net/photos/pets/68832207/1/?bust=1694466646&width=600"",""full"":""https://dl5zpyw5k3jeb.cloudfront.net/photos/pets/68832207/1/?bust=1694466646""}",68832207
183,"{""small"":""https://dl5zpyw5k3jeb.cloudfront.net/photos/pets/68832208/1/?bust=1694466646&width=100"",""medium"":""https://dl5zpyw5k3jeb.cloudfront.net/photos/pets/68832208/1/?bust=1694466646&width=300"",""large"":""https://dl5zpyw5k3jeb.cloudfront.net/photos/pets/68832208/1/?bust=1694466646&width=600"",""full"":""https://dl5zpyw5k3jeb.cloudfront.net/photos/pets/68832208/1/?bust=1694466646""}",68832208
184,"{""small"":""https://dl5zpyw5k3jeb.cloudfront.net/photos/pets/68832118/1/?bust=1694465604&width=100"",""medium"":""https://dl5zpyw5k3jeb.cloudfront.net/photos/pets/68832118/1/?bust=1694465604&width=300"",""large"":""https://dl5zpyw5k3jeb.cloudfront.net/photos/pets/68832118/1/?bust=1694465604&width=600"",""full"":""https://dl5zpyw5k3jeb.cloudfront.net/photos/pets/68832118/1/?bust=1694465604""}",68832118
185,"{""small"":""https://dl5zpyw5k3jeb.cloudfront.net/photos/pets/68832118/2/?bust=1694465610&width=100"",""medium"":""https://dl5zpyw5k3jeb.cloudfront.net/photos/pets/68832118/2/?bust=1694465610&width=300"",""large"":""https://dl5zpyw5k3jeb.cloudfront.net/photos/pets/68832118/2/?bust=1694465610&width=600"",""full"":""https://dl5zpyw5k3jeb.cloudfront.net/photos/pets/68832118/2/?bust=1694465610""}",68832118
186,"{""small"":""https://dl5zpyw5k3jeb.cloudfront.net/photos/pets/68832118/3/?bust=1694465611&width=100"",""medium"":""https://dl5zpyw5k3jeb.cloudfront.net/photos/pets/68832118/3/?bust=1694465611&width=300"",""large"":""https://dl5zpyw5k3jeb.cloudfront.net/photos/pets/68832118/3/?bust=1694465611&width=600"",""full"":""https://dl5zpyw5k3jeb.cloudfront.net/photos/pets/68832118/3/?bust=1694465611""}",68832118
187,"{""small"":""https://dl5zpyw5k3jeb.cloudfront.net/photos/pets/68832118/4/?bust=1694465612&width=100"",""medium"":""https://dl5zpyw5k3jeb.cloudfront.net/photos/pets/68832118/4/?bust=1694465612&width=300"",""large"":""https://dl5zpyw5k3jeb.cloudfront.net/photos/pets/68832118/4/?bust=1694465612&width=600"",""full"":""https://dl5zpyw5k3jeb.cloudfront.net/photos/pets/68832118/4/?bust=1694465612""}",68832118
188,"{""small"":""https://dl5zpyw5k3jeb.cloudfront.net/photos/pets/68832118/5/?bust=1694465612&width=100"",""medium"":""https://dl5zpyw5k3jeb.cloudfront.net/photos/pets/68832118/5/?bust=1694465612&width=300"",""large"":""https://dl5zpyw5k3jeb.cloudfront.net/photos/pets/68832118/5/?bust=1694465612&width=600"",""full"":""https://dl5zpyw5k3jeb.cloudfront.net/photos/pets/68832118/5/?bust=1694465612""}",68832118
189,"{""small"":""https://dl5zpyw5k3jeb.cloudfront.net/photos/pets/68832037/1/?bust=1694465620&width=100"",""medium"":""https://dl5zpyw5k3jeb.cloudfront.net/photos/pets/68832037/1/?bust=1694465620&width=300"",""large"":""https://dl5zpyw5k3jeb.cloudfront.net/photos/pets/68832037/1/?bust=1694465620&width=600"",""full"":""https://dl5zpyw5k3jeb.cloudfront.net/photos/pets/68832037/1/?bust=1694465620""}",68832037
190,"{""small"":""https://dl5zpyw5k3jeb.cloudfront.net/photos/pets/68832037/2/?bust=1694465618&width=100"",""medium"":""https://dl5zpyw5k3jeb.cloudfront.net/photos/pets/68832037/2/?bust=1694465618&width=300"",""large"":""https://dl5zpyw5k3jeb.cloudfront.net/photos/pets/68832037/2/?bust=1694465618&width=600"",""full"":""https://dl5zpyw5k3jeb.cloudfront.net/photos/pets/68832037/2/?bust=1694465618""}",68832037
191,"{""small"":""https://dl5zpyw5k3jeb.cloudfront.net/photos/pets/68831936/1/?bust=1694464924&width=100"",""medium"":""https://dl5zpyw5k3jeb.cloudfront.net/photos/pets/68831936/1/?bust=1694464924&width=300"",""large"":""https://dl5zpyw5k3jeb.cloudfront.net/photos/pets/68831936/1/?bust=1694464924&width=600"",""full"":""https://dl5zpyw5k3jeb.cloudfront.net/photos/pets/68831936/1/?bust=1694464924""}",68831936
192,"{""small"":""https://dl5zpyw5k3jeb.cloudfront.net/photos/pets/68831934/1/?bust=1694464924&width=100"",""medium"":""https://dl5zpyw5k3jeb.cloudfront.net/photos/pets/68831934/1/?bust=1694464924&width=300"",""large"":""https://dl5zpyw5k3jeb.cloudfront.net/photos/pets/68831934/1/?bust=1694464924&width=600"",""full"":""https://dl5zpyw5k3jeb.cloudfront.net/photos/pets/68831934/1/?bust=1694464924""}",68831934
193,"{""small"":""https://dl5zpyw5k3jeb.cloudfront.net/photos/pets/68831925/1/?bust=1694464924&width=100"",""medium"":""https://dl5zpyw5k3jeb.cloudfront.net/photos/pets/68831925/1/?bust=1694464924&width=300"",""large"":""https://dl5zpyw5k3jeb.cloudfront.net/photos/pets/68831925/1/?bust=1694464924&width=600"",""full"":""https://dl5zpyw5k3jeb.cloudfront.net/photos/pets/68831925/1/?bust=1694464924""}",68831925
194,"{""small"":""https://dl5zpyw5k3jeb.cloudfront.net/photos/pets/68831719/1/?bust=1694463926&width=100"",""medium"":""https://dl5zpyw5k3jeb.cloudfront.net/photos/pets/68831719/1/?bust=1694463926&width=300"",""large"":""https://dl5zpyw5k3jeb.cloudfront.net/photos/pets/68831719/1/?bust=1694463926&width=600"",""full"":""https://dl5zpyw5k3jeb.cloudfront.net/photos/pets/68831719/1/?bust=1694463926""}",68831719
